mmwr_startdate	2022 Lag Start	2022-2023 Lag End	2023 Lag Start	2023-2024 Lag End	2024 Lag Start	2024-2025 Lag End	2025 Lag Start	2025-2026 Lag End	Data Lag End	Data Lag Start	pathogen	By Pathogen Rate LOD	Total Rate LOD	Rate
10/2/2022	10/1/2022	10/1/2023	10/1/2023	10/1/2024	9/29/2024	9/28/2025	9/28/2025	10/4/2026	10/1/2026	9/14/2025	Total		11.059828452	11.059828452
10/9/2022	10/1/2022	10/1/2023	10/1/2023	10/1/2024	9/29/2024	9/28/2025	9/28/2025	10/4/2026	10/1/2026	9/14/2025	Total		11.549201392	11.549201392
10/16/2022	10/1/2022	10/1/2023	10/1/2023	10/1/2024	9/29/2024	9/28/2025	9/28/2025	10/4/2026	10/1/2026	9/14/2025	Total		14.648563348	14.648563348
10/23/2022	10/1/2022	10/1/2023	10/1/2023	10/1/2024	9/29/2024	9/28/2025	9/28/2025	10/4/2026	10/1/2026	9/14/2025	Total		15.953557855	15.953557855
10/30/2022	10/1/2022	10/1/2023	10/1/2023	10/1/2024	9/29/2024	9/28/2025	9/28/2025	10/4/2026	10/1/2026	9/14/2025	Total		18.791920910	18.791920910
11/6/2022	10/1/2022	10/1/2023	10/1/2023	10/1/2024	9/29/2024	9/28/2025	9/28/2025	10/4/2026	10/1/2026	9/14/2025	Total		23.522526000	23.522526000
11/13/2022	10/1/2022	10/1/2023	10/1/2023	10/1/2024	9/29/2024	9/28/2025	9/28/2025	10/4/2026	10/1/2026	9/14/2025	Total		23.979274077	23.979274077
11/20/2022	10/1/2022	10/1/2023	10/1/2023	10/1/2024	9/29/2024	9/28/2025	9/28/2025	10/4/2026	10/1/2026	9/14/2025	Total		27.241760346	27.241760346
11/27/2022	10/1/2022	10/1/2023	10/1/2023	10/1/2024	9/29/2024	9/28/2025	9/28/2025	10/4/2026	10/1/2026	9/14/2025	Total		26.980761445	26.980761445
12/4/2022	10/1/2022	10/1/2023	10/1/2023	10/1/2024	9/29/2024	9/28/2025	9/28/2025	10/4/2026	10/1/2026	9/14/2025	Total		22.217531492	22.217531492
12/11/2022	10/1/2022	10/1/2023	10/1/2023	10/1/2024	9/29/2024	9/28/2025	9/28/2025	10/4/2026	10/1/2026	9/14/2025	Total		18.791920910	18.791920910
12/18/2022	10/1/2022	10/1/2023	10/1/2023	10/1/2024	9/29/2024	9/28/2025	9/28/2025	10/4/2026	10/1/2026	9/14/2025	Total		16.279806482	16.279806482
12/25/2022	10/1/2022	10/1/2023	10/1/2023	10/1/2024	9/29/2024	9/28/2025	9/28/2025	10/4/2026	10/1/2026	9/14/2025	Total		16.671304835	16.671304835
1/1/2023	10/1/2022	10/1/2023	10/1/2023	10/1/2024	9/29/2024	9/28/2025	9/28/2025	10/4/2026	10/1/2026	9/14/2025	Total		12.756321312	12.756321312
1/8/2023	10/1/2022	10/1/2023	10/1/2023	10/1/2024	9/29/2024	9/28/2025	9/28/2025	10/4/2026	10/1/2026	9/14/2025	Total		9.102336691	9.102336691
1/15/2023	10/1/2022	10/1/2023	10/1/2023	10/1/2024	9/29/2024	9/28/2025	9/28/2025	10/4/2026	10/1/2026	9/14/2025	Total		8.515089162	8.515089162
1/22/2023	10/1/2022	10/1/2023	10/1/2023	10/1/2024	9/29/2024	9/28/2025	9/28/2025	10/4/2026	10/1/2026	9/14/2025	Total		8.221465398	8.221465398
1/29/2023	10/1/2022	10/1/2023	10/1/2023	10/1/2024	9/29/2024	9/28/2025	9/28/2025	10/4/2026	10/1/2026	9/14/2025	Total		7.634217869	7.634217869
2/5/2023	10/1/2022	10/1/2023	10/1/2023	10/1/2024	9/29/2024	9/28/2025	9/28/2025	10/4/2026	10/1/2026	9/14/2025	Total		8.612963750	8.612963750
2/12/2023	10/1/2022	10/1/2023	10/1/2023	10/1/2024	9/29/2024	9/28/2025	9/28/2025	10/4/2026	10/1/2026	9/14/2025	Total		7.405843831	7.405843831
2/19/2023	10/1/2022	10/1/2023	10/1/2023	10/1/2024	9/29/2024	9/28/2025	9/28/2025	10/4/2026	10/1/2026	9/14/2025	Total		7.373218968	7.373218968
2/26/2023	10/1/2022	10/1/2023	10/1/2023	10/1/2024	9/29/2024	9/28/2025	9/28/2025	10/4/2026	10/1/2026	9/14/2025	Total		6.851221165	6.851221165
3/5/2023	10/1/2022	10/1/2023	10/1/2023	10/1/2024	9/29/2024	9/28/2025	9/28/2025	10/4/2026	10/1/2026	9/14/2025	Total		6.068224460	6.068224460
3/12/2023	10/1/2022	10/1/2023	10/1/2023	10/1/2024	9/29/2024	9/28/2025	9/28/2025	10/4/2026	10/1/2026	9/14/2025	Total		4.893729404	4.893729404
3/19/2023	10/1/2022	10/1/2023	10/1/2023	10/1/2024	9/29/2024	9/28/2025	9/28/2025	10/4/2026	10/1/2026	9/14/2025	Total		4.404356463	4.404356463
3/26/2023	10/1/2022	10/1/2023	10/1/2023	10/1/2024	9/29/2024	9/28/2025	9/28/2025	10/4/2026	10/1/2026	9/14/2025	Total		5.187353168	5.187353168
4/2/2023	10/1/2022	10/1/2023	10/1/2023	10/1/2024	9/29/2024	9/28/2025	9/28/2025	10/4/2026	10/1/2026	9/14/2025	Total		4.828479678	4.828479678
4/9/2023	10/1/2022	10/1/2023	10/1/2023	10/1/2024	9/29/2024	9/28/2025	9/28/2025	10/4/2026	10/1/2026	9/14/2025	Total		3.686609484	3.686609484
4/16/2023	10/1/2022	10/1/2023	10/1/2023	10/1/2024	9/29/2024	9/28/2025	9/28/2025	10/4/2026	10/1/2026	9/14/2025	Total		3.197236544	3.197236544
4/23/2023	10/1/2022	10/1/2023	10/1/2023	10/1/2024	9/29/2024	9/28/2025	9/28/2025	10/4/2026	10/1/2026	9/14/2025	Total		3.034112230	3.034112230
4/30/2023	10/1/2022	10/1/2023	10/1/2023	10/1/2024	9/29/2024	9/28/2025	9/28/2025	10/4/2026	10/1/2026	9/14/2025	Total		3.034112230	3.034112230
5/7/2023	10/1/2022	10/1/2023	10/1/2023	10/1/2024	9/29/2024	9/28/2025	9/28/2025	10/4/2026	10/1/2026	9/14/2025	Total		2.609989015	2.609989015
5/14/2023	10/1/2022	10/1/2023	10/1/2023	10/1/2024	9/29/2024	9/28/2025	9/28/2025	10/4/2026	10/1/2026	9/14/2025	Total		1.957491761	1.957491761
5/21/2023	10/1/2022	10/1/2023	10/1/2023	10/1/2024	9/29/2024	9/28/2025	9/28/2025	10/4/2026	10/1/2026	9/14/2025	Total		1.729117723	1.729117723
5/28/2023	10/1/2022	10/1/2023	10/1/2023	10/1/2024	9/29/2024	9/28/2025	9/28/2025	10/4/2026	10/1/2026	9/14/2025	Total		0.782996705	0.782996705
6/4/2023	10/1/2022	10/1/2023	10/1/2023	10/1/2024	9/29/2024	9/28/2025	9/28/2025	10/4/2026	10/1/2026	9/14/2025	Total		0.880871293	0.880871293
6/11/2023	10/1/2022	10/1/2023	10/1/2023	10/1/2024	9/29/2024	9/28/2025	9/28/2025	10/4/2026	10/1/2026	9/14/2025	Total		1.011370743	1.011370743
6/18/2023	10/1/2022	10/1/2023	10/1/2023	10/1/2024	9/29/2024	9/28/2025	9/28/2025	10/4/2026	10/1/2026	9/14/2025	Total		0.750371842	0.750371842
6/25/2023	10/1/2022	10/1/2023	10/1/2023	10/1/2024	9/29/2024	9/28/2025	9/28/2025	10/4/2026	10/1/2026	9/14/2025	Total		0.848246430	0.848246430
7/2/2023	10/1/2022	10/1/2023	10/1/2023	10/1/2024	9/29/2024	9/28/2025	9/28/2025	10/4/2026	10/1/2026	9/14/2025	Total		0.717746979	0.717746979
7/9/2023	10/1/2022	10/1/2023	10/1/2023	10/1/2024	9/29/2024	9/28/2025	9/28/2025	10/4/2026	10/1/2026	9/14/2025	Total		1.207119920	1.207119920
7/16/2023	10/1/2022	10/1/2023	10/1/2023	10/1/2024	9/29/2024	9/28/2025	9/28/2025	10/4/2026	10/1/2026	9/14/2025	Total		1.370244233	1.370244233
7/23/2023	10/1/2022	10/1/2023	10/1/2023	10/1/2024	9/29/2024	9/28/2025	9/28/2025	10/4/2026	10/1/2026	9/14/2025	Total		1.207119920	1.207119920
7/30/2023	10/1/2022	10/1/2023	10/1/2023	10/1/2024	9/29/2024	9/28/2025	9/28/2025	10/4/2026	10/1/2026	9/14/2025	Total		1.631243135	1.631243135
8/6/2023	10/1/2022	10/1/2023	10/1/2023	10/1/2024	9/29/2024	9/28/2025	9/28/2025	10/4/2026	10/1/2026	9/14/2025	Total		2.055366349	2.055366349
8/13/2023	10/1/2022	10/1/2023	10/1/2023	10/1/2024	9/29/2024	9/28/2025	9/28/2025	10/4/2026	10/1/2026	9/14/2025	Total		2.185865800	2.185865800
8/20/2023	10/1/2022	10/1/2023	10/1/2023	10/1/2024	9/29/2024	9/28/2025	9/28/2025	10/4/2026	10/1/2026	9/14/2025	Total		2.609989015	2.609989015
8/27/2023	10/1/2022	10/1/2023	10/1/2023	10/1/2024	9/29/2024	9/28/2025	9/28/2025	10/4/2026	10/1/2026	9/14/2025	Total		3.425610582	3.425610582
9/3/2023	10/1/2022	10/1/2023	10/1/2023	10/1/2024	9/29/2024	9/28/2025	9/28/2025	10/4/2026	10/1/2026	9/14/2025	Total		3.621359759	3.621359759
9/10/2023	10/1/2022	10/1/2023	10/1/2023	10/1/2024	9/29/2024	9/28/2025	9/28/2025	10/4/2026	10/1/2026	9/14/2025	Total		4.078107836	4.078107836
9/17/2023	10/1/2022	10/1/2023	10/1/2023	10/1/2024	9/29/2024	9/28/2025	9/28/2025	10/4/2026	10/1/2026	9/14/2025	Total		4.795854815	4.795854815
9/24/2023	10/1/2022	10/1/2023	10/1/2023	10/1/2024	9/29/2024	9/28/2025	9/28/2025	10/4/2026	10/1/2026	9/14/2025	Total		5.219978030	5.219978030
10/1/2023	10/1/2022	10/1/2023	10/1/2023	10/1/2024	9/29/2024	9/28/2025	9/28/2025	10/4/2026	10/1/2026	9/14/2025	Total		4.632730502	4.632730502
10/8/2023	10/1/2022	10/1/2023	10/1/2023	10/1/2024	9/29/2024	9/28/2025	9/28/2025	10/4/2026	10/1/2026	9/14/2025	Total		5.741975833	5.741975833
10/15/2023	10/1/2022	10/1/2023	10/1/2023	10/1/2024	9/29/2024	9/28/2025	9/28/2025	10/4/2026	10/1/2026	9/14/2025	Total		6.329223362	6.329223362
10/22/2023	10/1/2022	10/1/2023	10/1/2023	10/1/2024	9/29/2024	9/28/2025	9/28/2025	10/4/2026	10/1/2026	9/14/2025	Total		6.198723911	6.198723911
10/29/2023	10/1/2022	10/1/2023	10/1/2023	10/1/2024	9/29/2024	9/28/2025	9/28/2025	10/4/2026	10/1/2026	9/14/2025	Total		6.133474186	6.133474186
11/5/2023	10/1/2022	10/1/2023	10/1/2023	10/1/2024	9/29/2024	9/28/2025	9/28/2025	10/4/2026	10/1/2026	9/14/2025	Total		9.363335592	9.363335592
11/12/2023	10/1/2022	10/1/2023	10/1/2023	10/1/2024	9/29/2024	9/28/2025	9/28/2025	10/4/2026	10/1/2026	9/14/2025	Total		9.069711828	9.069711828
11/19/2023	10/1/2022	10/1/2023	10/1/2023	10/1/2024	9/29/2024	9/28/2025	9/28/2025	10/4/2026	10/1/2026	9/14/2025	Total		10.831454413	10.831454413
11/26/2023	10/1/2022	10/1/2023	10/1/2023	10/1/2024	9/29/2024	9/28/2025	9/28/2025	10/4/2026	10/1/2026	9/14/2025	Total		13.930816369	13.930816369
12/3/2023	10/1/2022	10/1/2023	10/1/2023	10/1/2024	9/29/2024	9/28/2025	9/28/2025	10/4/2026	10/1/2026	9/14/2025	Total		16.084057306	16.084057306
12/10/2023	10/1/2022	10/1/2023	10/1/2023	10/1/2024	9/29/2024	9/28/2025	9/28/2025	10/4/2026	10/1/2026	9/14/2025	Total		15.464184915	15.464184915
12/17/2023	10/1/2022	10/1/2023	10/1/2023	10/1/2024	9/29/2024	9/28/2025	9/28/2025	10/4/2026	10/1/2026	9/14/2025	Total		20.488413769	20.488413769
12/24/2023	10/1/2022	10/1/2023	10/1/2023	10/1/2024	9/29/2024	9/28/2025	9/28/2025	10/4/2026	10/1/2026	9/14/2025	Total		22.152281767	22.152281767
12/31/2023	10/1/2022	10/1/2023	10/1/2023	10/1/2024	9/29/2024	9/28/2025	9/28/2025	10/4/2026	10/1/2026	9/14/2025	Total		17.617425853	17.617425853
1/7/2024	10/1/2022	10/1/2023	10/1/2023	10/1/2024	9/29/2024	9/28/2025	9/28/2025	10/4/2026	10/1/2026	9/14/2025	Total		16.181931894	16.181931894
1/14/2024	10/1/2022	10/1/2023	10/1/2023	10/1/2024	9/29/2024	9/28/2025	9/28/2025	10/4/2026	10/1/2026	9/14/2025	Total		13.115194801	13.115194801
1/21/2024	10/1/2022	10/1/2023	10/1/2023	10/1/2024	9/29/2024	9/28/2025	9/28/2025	10/4/2026	10/1/2026	9/14/2025	Total		13.017320213	13.017320213
1/28/2024	10/1/2022	10/1/2023	10/1/2023	10/1/2024	9/29/2024	9/28/2025	9/28/2025	10/4/2026	10/1/2026	9/14/2025	Total		11.679700843	11.679700843
2/4/2024	10/1/2022	10/1/2023	10/1/2023	10/1/2024	9/29/2024	9/28/2025	9/28/2025	10/4/2026	10/1/2026	9/14/2025	Total		10.961953864	10.961953864
2/11/2024	10/1/2022	10/1/2023	10/1/2023	10/1/2024	9/29/2024	9/28/2025	9/28/2025	10/4/2026	10/1/2026	9/14/2025	Total		9.200211279	9.200211279
2/18/2024	10/1/2022	10/1/2023	10/1/2023	10/1/2024	9/29/2024	9/28/2025	9/28/2025	10/4/2026	10/1/2026	9/14/2025	Total		8.808712926	8.808712926
2/25/2024	10/1/2022	10/1/2023	10/1/2023	10/1/2024	9/29/2024	9/28/2025	9/28/2025	10/4/2026	10/1/2026	9/14/2025	Total		8.351964849	8.351964849
3/3/2024	10/1/2022	10/1/2023	10/1/2023	10/1/2024	9/29/2024	9/28/2025	9/28/2025	10/4/2026	10/1/2026	9/14/2025	Total		7.666842732	7.666842732
3/10/2024	10/1/2022	10/1/2023	10/1/2023	10/1/2024	9/29/2024	9/28/2025	9/28/2025	10/4/2026	10/1/2026	9/14/2025	Total		7.438468693	7.438468693
3/17/2024	10/1/2022	10/1/2023	10/1/2023	10/1/2024	9/29/2024	9/28/2025	9/28/2025	10/4/2026	10/1/2026	9/14/2025	Total		6.100849323	6.100849323
3/24/2024	10/1/2022	10/1/2023	10/1/2023	10/1/2024	9/29/2024	9/28/2025	9/28/2025	10/4/2026	10/1/2026	9/14/2025	Total		5.644101245	5.644101245
3/31/2024	10/1/2022	10/1/2023	10/1/2023	10/1/2024	9/29/2024	9/28/2025	9/28/2025	10/4/2026	10/1/2026	9/14/2025	Total		4.273857012	4.273857012
4/7/2024	10/1/2022	10/1/2023	10/1/2023	10/1/2024	9/29/2024	9/28/2025	9/28/2025	10/4/2026	10/1/2026	9/14/2025	Total		3.262486269	3.262486269
4/14/2024	10/1/2022	10/1/2023	10/1/2023	10/1/2024	9/29/2024	9/28/2025	9/28/2025	10/4/2026	10/1/2026	9/14/2025	Total		2.512114427	2.512114427
4/21/2024	10/1/2022	10/1/2023	10/1/2023	10/1/2024	9/29/2024	9/28/2025	9/28/2025	10/4/2026	10/1/2026	9/14/2025	Total		2.381614976	2.381614976
4/28/2024	10/1/2022	10/1/2023	10/1/2023	10/1/2024	9/29/2024	9/28/2025	9/28/2025	10/4/2026	10/1/2026	9/14/2025	Total		1.761742585	1.761742585
5/5/2024	10/1/2022	10/1/2023	10/1/2023	10/1/2024	9/29/2024	9/28/2025	9/28/2025	10/4/2026	10/1/2026	9/14/2025	Total		1.859617173	1.859617173
5/12/2024	10/1/2022	10/1/2023	10/1/2023	10/1/2024	9/29/2024	9/28/2025	9/28/2025	10/4/2026	10/1/2026	9/14/2025	Total		1.663867997	1.663867997
5/19/2024	10/1/2022	10/1/2023	10/1/2023	10/1/2024	9/29/2024	9/28/2025	9/28/2025	10/4/2026	10/1/2026	9/14/2025	Total		1.304994508	1.304994508
5/26/2024	10/1/2022	10/1/2023	10/1/2023	10/1/2024	9/29/2024	9/28/2025	9/28/2025	10/4/2026	10/1/2026	9/14/2025	Total		1.826992311	1.826992311
6/2/2024	10/1/2022	10/1/2023	10/1/2023	10/1/2024	9/29/2024	9/28/2025	9/28/2025	10/4/2026	10/1/2026	9/14/2025	Total		1.370244233	1.370244233
6/9/2024	10/1/2022	10/1/2023	10/1/2023	10/1/2024	9/29/2024	9/28/2025	9/28/2025	10/4/2026	10/1/2026	9/14/2025	Total		1.990116624	1.990116624
6/16/2024	10/1/2022	10/1/2023	10/1/2023	10/1/2024	9/29/2024	9/28/2025	9/28/2025	10/4/2026	10/1/2026	9/14/2025	Total		2.055366349	2.055366349
6/23/2024	10/1/2022	10/1/2023	10/1/2023	10/1/2024	9/29/2024	9/28/2025	9/28/2025	10/4/2026	10/1/2026	9/14/2025	Total		3.001487367	3.001487367
6/30/2024	10/1/2022	10/1/2023	10/1/2023	10/1/2024	9/29/2024	9/28/2025	9/28/2025	10/4/2026	10/1/2026	9/14/2025	Total		3.034112230	3.034112230
7/7/2024	10/1/2022	10/1/2023	10/1/2023	10/1/2024	9/29/2024	9/28/2025	9/28/2025	10/4/2026	10/1/2026	9/14/2025	Total		3.914983523	3.914983523
7/14/2024	10/1/2022	10/1/2023	10/1/2023	10/1/2024	9/29/2024	9/28/2025	9/28/2025	10/4/2026	10/1/2026	9/14/2025	Total		3.914983523	3.914983523
7/21/2024	10/1/2022	10/1/2023	10/1/2023	10/1/2024	9/29/2024	9/28/2025	9/28/2025	10/4/2026	10/1/2026	9/14/2025	Total		4.143357562	4.143357562
7/28/2024	10/1/2022	10/1/2023	10/1/2023	10/1/2024	9/29/2024	9/28/2025	9/28/2025	10/4/2026	10/1/2026	9/14/2025	Total		4.632730502	4.632730502
8/4/2024	10/1/2022	10/1/2023	10/1/2023	10/1/2024	9/29/2024	9/28/2025	9/28/2025	10/4/2026	10/1/2026	9/14/2025	Total		4.861104541	4.861104541
8/11/2024	10/1/2022	10/1/2023	10/1/2023	10/1/2024	9/29/2024	9/28/2025	9/28/2025	10/4/2026	10/1/2026	9/14/2025	Total		4.143357562	4.143357562
8/18/2024	10/1/2022	10/1/2023	10/1/2023	10/1/2024	9/29/2024	9/28/2025	9/28/2025	10/4/2026	10/1/2026	9/14/2025	Total		4.273857012	4.273857012
8/25/2024	10/1/2022	10/1/2023	10/1/2023	10/1/2024	9/29/2024	9/28/2025	9/28/2025	10/4/2026	10/1/2026	9/14/2025	Total		4.567480777	4.567480777
9/1/2024	10/1/2022	10/1/2023	10/1/2023	10/1/2024	9/29/2024	9/28/2025	9/28/2025	10/4/2026	10/1/2026	9/14/2025	Total		4.502231051	4.502231051
9/8/2024	10/1/2022	10/1/2023	10/1/2023	10/1/2024	9/29/2024	9/28/2025	9/28/2025	10/4/2026	10/1/2026	9/14/2025	Total		4.404356463	4.404356463
9/15/2024	10/1/2022	10/1/2023	10/1/2023	10/1/2024	9/29/2024	9/28/2025	9/28/2025	10/4/2026	10/1/2026	9/14/2025	Total		4.404356463	4.404356463
9/22/2024	10/1/2022	10/1/2023	10/1/2023	10/1/2024	9/29/2024	9/28/2025	9/28/2025	10/4/2026	10/1/2026	9/14/2025	Total		3.882358660	3.882358660
9/29/2024	10/1/2022	10/1/2023	10/1/2023	10/1/2024	9/29/2024	9/28/2025	9/28/2025	10/4/2026	10/1/2026	9/14/2025	Total		2.805738191	2.805738191
10/6/2024	10/1/2022	10/1/2023	10/1/2023	10/1/2024	9/29/2024	9/28/2025	9/28/2025	10/4/2026	10/1/2026	9/14/2025	Total		2.544739290	2.544739290
10/13/2024	10/1/2022	10/1/2023	10/1/2023	10/1/2024	9/29/2024	9/28/2025	9/28/2025	10/4/2026	10/1/2026	9/14/2025	Total		2.446864702	2.446864702
10/20/2024	10/1/2022	10/1/2023	10/1/2023	10/1/2024	9/29/2024	9/28/2025	9/28/2025	10/4/2026	10/1/2026	9/14/2025	Total		2.446864702	2.446864702
10/27/2024	10/1/2022	10/1/2023	10/1/2023	10/1/2024	9/29/2024	9/28/2025	9/28/2025	10/4/2026	10/1/2026	9/14/2025	Total		1.990116624	1.990116624
11/3/2024	10/1/2022	10/1/2023	10/1/2023	10/1/2024	9/29/2024	9/28/2025	9/28/2025	10/4/2026	10/1/2026	9/14/2025	Total		2.577364153	2.577364153
11/10/2024	10/1/2022	10/1/2023	10/1/2023	10/1/2024	9/29/2024	9/28/2025	9/28/2025	10/4/2026	10/1/2026	9/14/2025	Total		2.055366349	2.055366349
11/17/2024	10/1/2022	10/1/2023	10/1/2023	10/1/2024	9/29/2024	9/28/2025	9/28/2025	10/4/2026	10/1/2026	9/14/2025	Total		2.218490663	2.218490663
11/24/2024	10/1/2022	10/1/2023	10/1/2023	10/1/2024	9/29/2024	9/28/2025	9/28/2025	10/4/2026	10/1/2026	9/14/2025	Total		2.773113329	2.773113329
12/1/2024	10/1/2022	10/1/2023	10/1/2023	10/1/2024	9/29/2024	9/28/2025	9/28/2025	10/4/2026	10/1/2026	9/14/2025	Total		4.436981326	4.436981326
12/8/2024	10/1/2022	10/1/2023	10/1/2023	10/1/2024	9/29/2024	9/28/2025	9/28/2025	10/4/2026	10/1/2026	9/14/2025	Total		6.231348774	6.231348774
12/15/2024	10/1/2022	10/1/2023	10/1/2023	10/1/2024	9/29/2024	9/28/2025	9/28/2025	10/4/2026	10/1/2026	9/14/2025	Total		9.950583120	9.950583120
12/22/2024	10/1/2022	10/1/2023	10/1/2023	10/1/2024	9/29/2024	9/28/2025	9/28/2025	10/4/2026	10/1/2026	9/14/2025	Total		20.031665692	20.031665692
12/29/2024	10/1/2022	10/1/2023	10/1/2023	10/1/2024	9/29/2024	9/28/2025	9/28/2025	10/4/2026	10/1/2026	9/14/2025	Total		27.829007875	27.829007875
1/5/2025	10/1/2022	10/1/2023	10/1/2023	10/1/2024	9/29/2024	9/28/2025	9/28/2025	10/4/2026	10/1/2026	9/14/2025	Total		27.209135484	27.209135484
1/12/2025	10/1/2022	10/1/2023	10/1/2023	10/1/2024	9/29/2024	9/28/2025	9/28/2025	10/4/2026	10/1/2026	9/14/2025	Total		24.240272979	24.240272979
1/19/2025	10/1/2022	10/1/2023	10/1/2023	10/1/2024	9/29/2024	9/28/2025	9/28/2025	10/4/2026	10/1/2026	9/14/2025	Total		22.641654707	22.641654707
1/26/2025	10/1/2022	10/1/2023	10/1/2023	10/1/2024	9/29/2024	9/28/2025	9/28/2025	10/4/2026	10/1/2026	9/14/2025	Total		22.250156355	22.250156355
2/2/2025	10/1/2022	10/1/2023	10/1/2023	10/1/2024	9/29/2024	9/28/2025	9/28/2025	10/4/2026	10/1/2026	9/14/2025	Total		17.682675578	17.682675578
2/9/2025	10/1/2022	10/1/2023	10/1/2023	10/1/2024	9/29/2024	9/28/2025	9/28/2025	10/4/2026	10/1/2026	9/14/2025	Total		14.289689858	14.289689858
2/16/2025	10/1/2022	10/1/2023	10/1/2023	10/1/2024	9/29/2024	9/28/2025	9/28/2025	10/4/2026	10/1/2026	9/14/2025	Total		11.679700843	11.679700843
2/23/2025	10/1/2022	10/1/2023	10/1/2023	10/1/2024	9/29/2024	9/28/2025	9/28/2025	10/4/2026	10/1/2026	9/14/2025	Total		9.265461004	9.265461004
3/2/2025	10/1/2022	10/1/2023	10/1/2023	10/1/2024	9/29/2024	9/28/2025	9/28/2025	10/4/2026	10/1/2026	9/14/2025	Total		8.286715123	8.286715123
3/9/2025	10/1/2022	10/1/2023	10/1/2023	10/1/2024	9/29/2024	9/28/2025	9/28/2025	10/4/2026	10/1/2026	9/14/2025	Total		7.079595204	7.079595204
3/16/2025	10/1/2022	10/1/2023	10/1/2023	10/1/2024	9/29/2024	9/28/2025	9/28/2025	10/4/2026	10/1/2026	9/14/2025	Total		5.611476383	5.611476383
3/23/2025	10/1/2022	10/1/2023	10/1/2023	10/1/2024	9/29/2024	9/28/2025	9/28/2025	10/4/2026	10/1/2026	9/14/2025	Total		4.502231051	4.502231051
3/30/2025	10/1/2022	10/1/2023	10/1/2023	10/1/2024	9/29/2024	9/28/2025	9/28/2025	10/4/2026	10/1/2026	9/14/2025	Total		3.882358660	3.882358660
4/6/2025	10/1/2022	10/1/2023	10/1/2023	10/1/2024	9/29/2024	9/28/2025	9/28/2025	10/4/2026	10/1/2026	9/14/2025	Total		3.197236544	3.197236544
4/13/2025	10/1/2022	10/1/2023	10/1/2023	10/1/2024	9/29/2024	9/28/2025	9/28/2025	10/4/2026	10/1/2026	9/14/2025	Total		2.805738191	2.805738191
4/20/2025	10/1/2022	10/1/2023	10/1/2023	10/1/2024	9/29/2024	9/28/2025	9/28/2025	10/4/2026	10/1/2026	9/14/2025	Total		2.185865800	2.185865800
4/27/2025	10/1/2022	10/1/2023	10/1/2023	10/1/2024	9/29/2024	9/28/2025	9/28/2025	10/4/2026	10/1/2026	9/14/2025	Total		2.283740388	2.283740388
5/4/2025	10/1/2022	10/1/2023	10/1/2023	10/1/2024	9/29/2024	9/28/2025	9/28/2025	10/4/2026	10/1/2026	9/14/2025	Total		2.283740388	2.283740388
5/11/2025	10/1/2022	10/1/2023	10/1/2023	10/1/2024	9/29/2024	9/28/2025	9/28/2025	10/4/2026	10/1/2026	9/14/2025	Total		1.337619370	1.337619370
5/18/2025	10/1/2022	10/1/2023	10/1/2023	10/1/2024	9/29/2024	9/28/2025	9/28/2025	10/4/2026	10/1/2026	9/14/2025	Total		1.011370743	1.011370743
5/25/2025	10/1/2022	10/1/2023	10/1/2023	10/1/2024	9/29/2024	9/28/2025	9/28/2025	10/4/2026	10/1/2026	9/14/2025	Total		1.076620469	1.076620469
6/1/2025	10/1/2022	10/1/2023	10/1/2023	10/1/2024	9/29/2024	9/28/2025	9/28/2025	10/4/2026	10/1/2026	9/14/2025	Total		0.978745881	0.978745881
6/8/2025	10/1/2022	10/1/2023	10/1/2023	10/1/2024	9/29/2024	9/28/2025	9/28/2025	10/4/2026	10/1/2026	9/14/2025	Total		0.489372940	0.489372940
6/15/2025	10/1/2022	10/1/2023	10/1/2023	10/1/2024	9/29/2024	9/28/2025	9/28/2025	10/4/2026	10/1/2026	9/14/2025	Total		0.652497254	0.652497254
6/22/2025	10/1/2022	10/1/2023	10/1/2023	10/1/2024	9/29/2024	9/28/2025	9/28/2025	10/4/2026	10/1/2026	9/14/2025	Total		0.717746979	0.717746979
6/29/2025	10/1/2022	10/1/2023	10/1/2023	10/1/2024	9/29/2024	9/28/2025	9/28/2025	10/4/2026	10/1/2026	9/14/2025	Total		0.946121018	0.946121018
7/6/2025	10/1/2022	10/1/2023	10/1/2023	10/1/2024	9/29/2024	9/28/2025	9/28/2025	10/4/2026	10/1/2026	9/14/2025	Total		0.587247528	0.587247528
7/13/2025	10/1/2022	10/1/2023	10/1/2023	10/1/2024	9/29/2024	9/28/2025	9/28/2025	10/4/2026	10/1/2026	9/14/2025	Total		0.456748078	0.456748078
7/20/2025	10/1/2022	10/1/2023	10/1/2023	10/1/2024	9/29/2024	9/28/2025	9/28/2025	10/4/2026	10/1/2026	9/14/2025	Total		1.011370743	1.011370743
7/27/2025	10/1/2022	10/1/2023	10/1/2023	10/1/2024	9/29/2024	9/28/2025	9/28/2025	10/4/2026	10/1/2026	9/14/2025	Total		0.848246430	0.848246430
8/3/2025	10/1/2022	10/1/2023	10/1/2023	10/1/2024	9/29/2024	9/28/2025	9/28/2025	10/4/2026	10/1/2026	9/14/2025	Total		1.141870194	1.141870194
8/10/2025	10/1/2022	10/1/2023	10/1/2023	10/1/2024	9/29/2024	9/28/2025	9/28/2025	10/4/2026	10/1/2026	9/14/2025	Total		1.141870194	1.141870194
8/17/2025	10/1/2022	10/1/2023	10/1/2023	10/1/2024	9/29/2024	9/28/2025	9/28/2025	10/4/2026	10/1/2026	9/14/2025	Total		1.696492860	1.696492860
8/24/2025	10/1/2022	10/1/2023	10/1/2023	10/1/2024	9/29/2024	9/28/2025	9/28/2025	10/4/2026	10/1/2026	9/14/2025	Total		2.055366349	2.055366349
8/31/2025	10/1/2022	10/1/2023	10/1/2023	10/1/2024	9/29/2024	9/28/2025	9/28/2025	10/4/2026	10/1/2026	9/14/2025	Total		2.022741487	2.022741487
9/7/2025	10/1/2022	10/1/2023	10/1/2023	10/1/2024	9/29/2024	9/28/2025	9/28/2025	10/4/2026	10/1/2026	9/14/2025	Total		2.153240938	2.153240938
9/14/2025	10/1/2022	10/1/2023	10/1/2023	10/1/2024	9/29/2024	9/28/2025	9/28/2025	10/4/2026	10/1/2026	9/14/2025	Total		2.120616075	2.120616075
9/21/2025	10/1/2022	10/1/2023	10/1/2023	10/1/2024	9/29/2024	9/28/2025	9/28/2025	10/4/2026	10/1/2026	9/14/2025	Total		1.565993409	1.565993409
9/28/2025	10/1/2022	10/1/2023	10/1/2023	10/1/2024	9/29/2024	9/28/2025	9/28/2025	10/4/2026	10/1/2026	9/14/2025	Total		0.848246430	0.848246430
10/2/2022	10/1/2022	10/1/2023	10/1/2023	10/1/2024	9/29/2024	9/28/2025	9/28/2025	10/4/2026	10/1/2026	9/14/2025	RSV	2.185865800		2.185865800
10/9/2022	10/1/2022	10/1/2023	10/1/2023	10/1/2024	9/29/2024	9/28/2025	9/28/2025	10/4/2026	10/1/2026	9/14/2025	RSV	3.588734896		3.588734896
10/16/2022	10/1/2022	10/1/2023	10/1/2023	10/1/2024	9/29/2024	9/28/2025	9/28/2025	10/4/2026	10/1/2026	9/14/2025	RSV	3.947608386		3.947608386
10/23/2022	10/1/2022	10/1/2023	10/1/2023	10/1/2024	9/29/2024	9/28/2025	9/28/2025	10/4/2026	10/1/2026	9/14/2025	RSV	5.611476383		5.611476383
10/30/2022	10/1/2022	10/1/2023	10/1/2023	10/1/2024	9/29/2024	9/28/2025	9/28/2025	10/4/2026	10/1/2026	9/14/2025	RSV	5.676726108		5.676726108
11/6/2022	10/1/2022	10/1/2023	10/1/2023	10/1/2024	9/29/2024	9/28/2025	9/28/2025	10/4/2026	10/1/2026	9/14/2025	RSV	5.970349872		5.970349872
11/13/2022	10/1/2022	10/1/2023	10/1/2023	10/1/2024	9/29/2024	9/28/2025	9/28/2025	10/4/2026	10/1/2026	9/14/2025	RSV	5.024228854		5.024228854
11/20/2022	10/1/2022	10/1/2023	10/1/2023	10/1/2024	9/29/2024	9/28/2025	9/28/2025	10/4/2026	10/1/2026	9/14/2025	RSV	3.914983523		3.914983523
11/27/2022	10/1/2022	10/1/2023	10/1/2023	10/1/2024	9/29/2024	9/28/2025	9/28/2025	10/4/2026	10/1/2026	9/14/2025	RSV	4.175982424		4.175982424
12/4/2022	10/1/2022	10/1/2023	10/1/2023	10/1/2024	9/29/2024	9/28/2025	9/28/2025	10/4/2026	10/1/2026	9/14/2025	RSV	3.425610582		3.425610582
12/11/2022	10/1/2022	10/1/2023	10/1/2023	10/1/2024	9/29/2024	9/28/2025	9/28/2025	10/4/2026	10/1/2026	9/14/2025	RSV	3.164611681		3.164611681
12/18/2022	10/1/2022	10/1/2023	10/1/2023	10/1/2024	9/29/2024	9/28/2025	9/28/2025	10/4/2026	10/1/2026	9/14/2025	RSV	2.087991212		2.087991212
12/25/2022	10/1/2022	10/1/2023	10/1/2023	10/1/2024	9/29/2024	9/28/2025	9/28/2025	10/4/2026	10/1/2026	9/14/2025	RSV	2.153240938		2.153240938
1/1/2023	10/1/2022	10/1/2023	10/1/2023	10/1/2024	9/29/2024	9/28/2025	9/28/2025	10/4/2026	10/1/2026	9/14/2025	RSV	1.435493958		1.435493958
1/8/2023	10/1/2022	10/1/2023	10/1/2023	10/1/2024	9/29/2024	9/28/2025	9/28/2025	10/4/2026	10/1/2026	9/14/2025	RSV	1.272369645		1.272369645
1/15/2023	10/1/2022	10/1/2023	10/1/2023	10/1/2024	9/29/2024	9/28/2025	9/28/2025	10/4/2026	10/1/2026	9/14/2025	RSV	0.913496155		0.913496155
1/22/2023	10/1/2022	10/1/2023	10/1/2023	10/1/2024	9/29/2024	9/28/2025	9/28/2025	10/4/2026	10/1/2026	9/14/2025	RSV	0.913496155		0.913496155
1/29/2023	10/1/2022	10/1/2023	10/1/2023	10/1/2024	9/29/2024	9/28/2025	9/28/2025	10/4/2026	10/1/2026	9/14/2025	RSV	0.358873490		0.358873490
2/5/2023	10/1/2022	10/1/2023	10/1/2023	10/1/2024	9/29/2024	9/28/2025	9/28/2025	10/4/2026	10/1/2026	9/14/2025	RSV	0.456748078		0.456748078
2/12/2023	10/1/2022	10/1/2023	10/1/2023	10/1/2024	9/29/2024	9/28/2025	9/28/2025	10/4/2026	10/1/2026	9/14/2025	RSV	0.554622666		0.554622666
2/19/2023	10/1/2022	10/1/2023	10/1/2023	10/1/2024	9/29/2024	9/28/2025	9/28/2025	10/4/2026	10/1/2026	9/14/2025	RSV	0.587247528		0.587247528
2/26/2023	10/1/2022	10/1/2023	10/1/2023	10/1/2024	9/29/2024	9/28/2025	9/28/2025	10/4/2026	10/1/2026	9/14/2025	RSV	0.391498352		0.391498352
3/5/2023	10/1/2022	10/1/2023	10/1/2023	10/1/2024	9/29/2024	9/28/2025	9/28/2025	10/4/2026	10/1/2026	9/14/2025	RSV	0.195749176		0.195749176
3/12/2023	10/1/2022	10/1/2023	10/1/2023	10/1/2024	9/29/2024	9/28/2025	9/28/2025	10/4/2026	10/1/2026	9/14/2025	RSV	0.228374039		0.228374039
3/19/2023	10/1/2022	10/1/2023	10/1/2023	10/1/2024	9/29/2024	9/28/2025	9/28/2025	10/4/2026	10/1/2026	9/14/2025	RSV	0.163124313		0.163124313
3/26/2023	10/1/2022	10/1/2023	10/1/2023	10/1/2024	9/29/2024	9/28/2025	9/28/2025	10/4/2026	10/1/2026	9/14/2025	RSV	0.097874588		0.097874588
4/2/2023	10/1/2022	10/1/2023	10/1/2023	10/1/2024	9/29/2024	9/28/2025	9/28/2025	10/4/2026	10/1/2026	9/14/2025	RSV	0.065249725		0.065249725
4/9/2023	10/1/2022	10/1/2023	10/1/2023	10/1/2024	9/29/2024	9/28/2025	9/28/2025	10/4/2026	10/1/2026	9/14/2025	RSV	0.065249725		0.065249725
4/16/2023	10/1/2022	10/1/2023	10/1/2023	10/1/2024	9/29/2024	9/28/2025	9/28/2025	10/4/2026	10/1/2026	9/14/2025	RSV	0.130499451		0.130499451
4/23/2023	10/1/2022	10/1/2023	10/1/2023	10/1/2024	9/29/2024	9/28/2025	9/28/2025	10/4/2026	10/1/2026	9/14/2025	RSV	0		0
4/30/2023	10/1/2022	10/1/2023	10/1/2023	10/1/2024	9/29/2024	9/28/2025	9/28/2025	10/4/2026	10/1/2026	9/14/2025	RSV	0.032624863		0.032624863
5/7/2023	10/1/2022	10/1/2023	10/1/2023	10/1/2024	9/29/2024	9/28/2025	9/28/2025	10/4/2026	10/1/2026	9/14/2025	RSV	0.065249725		0.065249725
5/14/2023	10/1/2022	10/1/2023	10/1/2023	10/1/2024	9/29/2024	9/28/2025	9/28/2025	10/4/2026	10/1/2026	9/14/2025	RSV	0		0
5/21/2023	10/1/2022	10/1/2023	10/1/2023	10/1/2024	9/29/2024	9/28/2025	9/28/2025	10/4/2026	10/1/2026	9/14/2025	RSV	0.032624863		0.032624863
5/28/2023	10/1/2022	10/1/2023	10/1/2023	10/1/2024	9/29/2024	9/28/2025	9/28/2025	10/4/2026	10/1/2026	9/14/2025	RSV	0		0
6/4/2023	10/1/2022	10/1/2023	10/1/2023	10/1/2024	9/29/2024	9/28/2025	9/28/2025	10/4/2026	10/1/2026	9/14/2025	RSV	0.032624863		0.032624863
6/11/2023	10/1/2022	10/1/2023	10/1/2023	10/1/2024	9/29/2024	9/28/2025	9/28/2025	10/4/2026	10/1/2026	9/14/2025	RSV	0		0
6/18/2023	10/1/2022	10/1/2023	10/1/2023	10/1/2024	9/29/2024	9/28/2025	9/28/2025	10/4/2026	10/1/2026	9/14/2025	RSV	0.032624863		0.032624863
6/25/2023	10/1/2022	10/1/2023	10/1/2023	10/1/2024	9/29/2024	9/28/2025	9/28/2025	10/4/2026	10/1/2026	9/14/2025	RSV	0.032624863		0.032624863
7/2/2023	10/1/2022	10/1/2023	10/1/2023	10/1/2024	9/29/2024	9/28/2025	9/28/2025	10/4/2026	10/1/2026	9/14/2025	RSV	0.032624863		0.032624863
7/9/2023	10/1/2022	10/1/2023	10/1/2023	10/1/2024	9/29/2024	9/28/2025	9/28/2025	10/4/2026	10/1/2026	9/14/2025	RSV	0.032624863		0.032624863
7/16/2023	10/1/2022	10/1/2023	10/1/2023	10/1/2024	9/29/2024	9/28/2025	9/28/2025	10/4/2026	10/1/2026	9/14/2025	RSV	0.032624863		0.032624863
7/23/2023	10/1/2022	10/1/2023	10/1/2023	10/1/2024	9/29/2024	9/28/2025	9/28/2025	10/4/2026	10/1/2026	9/14/2025	RSV	0		0
7/30/2023	10/1/2022	10/1/2023	10/1/2023	10/1/2024	9/29/2024	9/28/2025	9/28/2025	10/4/2026	10/1/2026	9/14/2025	RSV	0		0
8/6/2023	10/1/2022	10/1/2023	10/1/2023	10/1/2024	9/29/2024	9/28/2025	9/28/2025	10/4/2026	10/1/2026	9/14/2025	RSV	0		0
8/13/2023	10/1/2022	10/1/2023	10/1/2023	10/1/2024	9/29/2024	9/28/2025	9/28/2025	10/4/2026	10/1/2026	9/14/2025	RSV	0.032624863		0.032624863
8/20/2023	10/1/2022	10/1/2023	10/1/2023	10/1/2024	9/29/2024	9/28/2025	9/28/2025	10/4/2026	10/1/2026	9/14/2025	RSV	0.065249725		0.065249725
8/27/2023	10/1/2022	10/1/2023	10/1/2023	10/1/2024	9/29/2024	9/28/2025	9/28/2025	10/4/2026	10/1/2026	9/14/2025	RSV	0.065249725		0.065249725
9/3/2023	10/1/2022	10/1/2023	10/1/2023	10/1/2024	9/29/2024	9/28/2025	9/28/2025	10/4/2026	10/1/2026	9/14/2025	RSV	0.065249725		0.065249725
9/10/2023	10/1/2022	10/1/2023	10/1/2023	10/1/2024	9/29/2024	9/28/2025	9/28/2025	10/4/2026	10/1/2026	9/14/2025	RSV	0.097874588		0.097874588
9/17/2023	10/1/2022	10/1/2023	10/1/2023	10/1/2024	9/29/2024	9/28/2025	9/28/2025	10/4/2026	10/1/2026	9/14/2025	RSV	0.097874588		0.097874588
9/24/2023	10/1/2022	10/1/2023	10/1/2023	10/1/2024	9/29/2024	9/28/2025	9/28/2025	10/4/2026	10/1/2026	9/14/2025	RSV	0.130499451		0.130499451
10/1/2023	10/1/2022	10/1/2023	10/1/2023	10/1/2024	9/29/2024	9/28/2025	9/28/2025	10/4/2026	10/1/2026	9/14/2025	RSV	0.260998902		0.260998902
10/8/2023	10/1/2022	10/1/2023	10/1/2023	10/1/2024	9/29/2024	9/28/2025	9/28/2025	10/4/2026	10/1/2026	9/14/2025	RSV	0.554622666		0.554622666
10/15/2023	10/1/2022	10/1/2023	10/1/2023	10/1/2024	9/29/2024	9/28/2025	9/28/2025	10/4/2026	10/1/2026	9/14/2025	RSV	0.717746979		0.717746979
10/22/2023	10/1/2022	10/1/2023	10/1/2023	10/1/2024	9/29/2024	9/28/2025	9/28/2025	10/4/2026	10/1/2026	9/14/2025	RSV	1.337619370		1.337619370
10/29/2023	10/1/2022	10/1/2023	10/1/2023	10/1/2024	9/29/2024	9/28/2025	9/28/2025	10/4/2026	10/1/2026	9/14/2025	RSV	1.174495057		1.174495057
11/5/2023	10/1/2022	10/1/2023	10/1/2023	10/1/2024	9/29/2024	9/28/2025	9/28/2025	10/4/2026	10/1/2026	9/14/2025	RSV	2.251115526		2.251115526
11/12/2023	10/1/2022	10/1/2023	10/1/2023	10/1/2024	9/29/2024	9/28/2025	9/28/2025	10/4/2026	10/1/2026	9/14/2025	RSV	2.642613878		2.642613878
11/19/2023	10/1/2022	10/1/2023	10/1/2023	10/1/2024	9/29/2024	9/28/2025	9/28/2025	10/4/2026	10/1/2026	9/14/2025	RSV	3.751859209		3.751859209
11/26/2023	10/1/2022	10/1/2023	10/1/2023	10/1/2024	9/29/2024	9/28/2025	9/28/2025	10/4/2026	10/1/2026	9/14/2025	RSV	4.730605090		4.730605090
12/3/2023	10/1/2022	10/1/2023	10/1/2023	10/1/2024	9/29/2024	9/28/2025	9/28/2025	10/4/2026	10/1/2026	9/14/2025	RSV	5.872475284		5.872475284
12/10/2023	10/1/2022	10/1/2023	10/1/2023	10/1/2024	9/29/2024	9/28/2025	9/28/2025	10/4/2026	10/1/2026	9/14/2025	RSV	4.665355365		4.665355365
12/17/2023	10/1/2022	10/1/2023	10/1/2023	10/1/2024	9/29/2024	9/28/2025	9/28/2025	10/4/2026	10/1/2026	9/14/2025	RSV	6.231348774		6.231348774
12/24/2023	10/1/2022	10/1/2023	10/1/2023	10/1/2024	9/29/2024	9/28/2025	9/28/2025	10/4/2026	10/1/2026	9/14/2025	RSV	6.329223362		6.329223362
12/31/2023	10/1/2022	10/1/2023	10/1/2023	10/1/2024	9/29/2024	9/28/2025	9/28/2025	10/4/2026	10/1/2026	9/14/2025	RSV	4.730605090		4.730605090
1/7/2024	10/1/2022	10/1/2023	10/1/2023	10/1/2024	9/29/2024	9/28/2025	9/28/2025	10/4/2026	10/1/2026	9/14/2025	RSV	3.425610582		3.425610582
1/14/2024	10/1/2022	10/1/2023	10/1/2023	10/1/2024	9/29/2024	9/28/2025	9/28/2025	10/4/2026	10/1/2026	9/14/2025	RSV	3.164611681		3.164611681
1/21/2024	10/1/2022	10/1/2023	10/1/2023	10/1/2024	9/29/2024	9/28/2025	9/28/2025	10/4/2026	10/1/2026	9/14/2025	RSV	2.120616075		2.120616075
1/28/2024	10/1/2022	10/1/2023	10/1/2023	10/1/2024	9/29/2024	9/28/2025	9/28/2025	10/4/2026	10/1/2026	9/14/2025	RSV	1.794367448		1.794367448
2/4/2024	10/1/2022	10/1/2023	10/1/2023	10/1/2024	9/29/2024	9/28/2025	9/28/2025	10/4/2026	10/1/2026	9/14/2025	RSV	1.500743684		1.500743684
2/11/2024	10/1/2022	10/1/2023	10/1/2023	10/1/2024	9/29/2024	9/28/2025	9/28/2025	10/4/2026	10/1/2026	9/14/2025	RSV	1.435493958		1.435493958
2/18/2024	10/1/2022	10/1/2023	10/1/2023	10/1/2024	9/29/2024	9/28/2025	9/28/2025	10/4/2026	10/1/2026	9/14/2025	RSV	1.631243135		1.631243135
2/25/2024	10/1/2022	10/1/2023	10/1/2023	10/1/2024	9/29/2024	9/28/2025	9/28/2025	10/4/2026	10/1/2026	9/14/2025	RSV	1.043995606		1.043995606
3/3/2024	10/1/2022	10/1/2023	10/1/2023	10/1/2024	9/29/2024	9/28/2025	9/28/2025	10/4/2026	10/1/2026	9/14/2025	RSV	1.304994508		1.304994508
3/10/2024	10/1/2022	10/1/2023	10/1/2023	10/1/2024	9/29/2024	9/28/2025	9/28/2025	10/4/2026	10/1/2026	9/14/2025	RSV	0.946121018		0.946121018
3/17/2024	10/1/2022	10/1/2023	10/1/2023	10/1/2024	9/29/2024	9/28/2025	9/28/2025	10/4/2026	10/1/2026	9/14/2025	RSV	0.848246430		0.848246430
3/24/2024	10/1/2022	10/1/2023	10/1/2023	10/1/2024	9/29/2024	9/28/2025	9/28/2025	10/4/2026	10/1/2026	9/14/2025	RSV	0.815621567		0.815621567
3/31/2024	10/1/2022	10/1/2023	10/1/2023	10/1/2024	9/29/2024	9/28/2025	9/28/2025	10/4/2026	10/1/2026	9/14/2025	RSV	0.293623764		0.293623764
4/7/2024	10/1/2022	10/1/2023	10/1/2023	10/1/2024	9/29/2024	9/28/2025	9/28/2025	10/4/2026	10/1/2026	9/14/2025	RSV	0.358873490		0.358873490
4/14/2024	10/1/2022	10/1/2023	10/1/2023	10/1/2024	9/29/2024	9/28/2025	9/28/2025	10/4/2026	10/1/2026	9/14/2025	RSV	0.228374039		0.228374039
4/21/2024	10/1/2022	10/1/2023	10/1/2023	10/1/2024	9/29/2024	9/28/2025	9/28/2025	10/4/2026	10/1/2026	9/14/2025	RSV	0.097874588		0.097874588
4/28/2024	10/1/2022	10/1/2023	10/1/2023	10/1/2024	9/29/2024	9/28/2025	9/28/2025	10/4/2026	10/1/2026	9/14/2025	RSV	0.195749176		0.195749176
5/5/2024	10/1/2022	10/1/2023	10/1/2023	10/1/2024	9/29/2024	9/28/2025	9/28/2025	10/4/2026	10/1/2026	9/14/2025	RSV	0.228374039		0.228374039
5/12/2024	10/1/2022	10/1/2023	10/1/2023	10/1/2024	9/29/2024	9/28/2025	9/28/2025	10/4/2026	10/1/2026	9/14/2025	RSV	0.065249725		0.065249725
5/19/2024	10/1/2022	10/1/2023	10/1/2023	10/1/2024	9/29/2024	9/28/2025	9/28/2025	10/4/2026	10/1/2026	9/14/2025	RSV	0.130499451		0.130499451
5/26/2024	10/1/2022	10/1/2023	10/1/2023	10/1/2024	9/29/2024	9/28/2025	9/28/2025	10/4/2026	10/1/2026	9/14/2025	RSV	0.097874588		0.097874588
6/2/2024	10/1/2022	10/1/2023	10/1/2023	10/1/2024	9/29/2024	9/28/2025	9/28/2025	10/4/2026	10/1/2026	9/14/2025	RSV	0.032624863		0.032624863
6/9/2024	10/1/2022	10/1/2023	10/1/2023	10/1/2024	9/29/2024	9/28/2025	9/28/2025	10/4/2026	10/1/2026	9/14/2025	RSV	0		0
6/16/2024	10/1/2022	10/1/2023	10/1/2023	10/1/2024	9/29/2024	9/28/2025	9/28/2025	10/4/2026	10/1/2026	9/14/2025	RSV	0.032624863		0.032624863
6/23/2024	10/1/2022	10/1/2023	10/1/2023	10/1/2024	9/29/2024	9/28/2025	9/28/2025	10/4/2026	10/1/2026	9/14/2025	RSV	0		0
6/30/2024	10/1/2022	10/1/2023	10/1/2023	10/1/2024	9/29/2024	9/28/2025	9/28/2025	10/4/2026	10/1/2026	9/14/2025	RSV	0.032624863		0.032624863
7/7/2024	10/1/2022	10/1/2023	10/1/2023	10/1/2024	9/29/2024	9/28/2025	9/28/2025	10/4/2026	10/1/2026	9/14/2025	RSV	0		0
7/14/2024	10/1/2022	10/1/2023	10/1/2023	10/1/2024	9/29/2024	9/28/2025	9/28/2025	10/4/2026	10/1/2026	9/14/2025	RSV	0		0
7/21/2024	10/1/2022	10/1/2023	10/1/2023	10/1/2024	9/29/2024	9/28/2025	9/28/2025	10/4/2026	10/1/2026	9/14/2025	RSV	0.065249725		0.065249725
7/28/2024	10/1/2022	10/1/2023	10/1/2023	10/1/2024	9/29/2024	9/28/2025	9/28/2025	10/4/2026	10/1/2026	9/14/2025	RSV	0		0
8/4/2024	10/1/2022	10/1/2023	10/1/2023	10/1/2024	9/29/2024	9/28/2025	9/28/2025	10/4/2026	10/1/2026	9/14/2025	RSV	0		0
8/11/2024	10/1/2022	10/1/2023	10/1/2023	10/1/2024	9/29/2024	9/28/2025	9/28/2025	10/4/2026	10/1/2026	9/14/2025	RSV	0.065249725		0.065249725
8/18/2024	10/1/2022	10/1/2023	10/1/2023	10/1/2024	9/29/2024	9/28/2025	9/28/2025	10/4/2026	10/1/2026	9/14/2025	RSV	0		0
8/25/2024	10/1/2022	10/1/2023	10/1/2023	10/1/2024	9/29/2024	9/28/2025	9/28/2025	10/4/2026	10/1/2026	9/14/2025	RSV	0		0
9/1/2024	10/1/2022	10/1/2023	10/1/2023	10/1/2024	9/29/2024	9/28/2025	9/28/2025	10/4/2026	10/1/2026	9/14/2025	RSV	0.032624863		0.032624863
9/8/2024	10/1/2022	10/1/2023	10/1/2023	10/1/2024	9/29/2024	9/28/2025	9/28/2025	10/4/2026	10/1/2026	9/14/2025	RSV	0		0
9/15/2024	10/1/2022	10/1/2023	10/1/2023	10/1/2024	9/29/2024	9/28/2025	9/28/2025	10/4/2026	10/1/2026	9/14/2025	RSV	0		0
9/22/2024	10/1/2022	10/1/2023	10/1/2023	10/1/2024	9/29/2024	9/28/2025	9/28/2025	10/4/2026	10/1/2026	9/14/2025	RSV	0		0
9/29/2024	10/1/2022	10/1/2023	10/1/2023	10/1/2024	9/29/2024	9/28/2025	9/28/2025	10/4/2026	10/1/2026	9/14/2025	RSV	0.065249725		0.065249725
10/6/2024	10/1/2022	10/1/2023	10/1/2023	10/1/2024	9/29/2024	9/28/2025	9/28/2025	10/4/2026	10/1/2026	9/14/2025	RSV	0.065249725		0.065249725
10/13/2024	10/1/2022	10/1/2023	10/1/2023	10/1/2024	9/29/2024	9/28/2025	9/28/2025	10/4/2026	10/1/2026	9/14/2025	RSV	0		0
10/20/2024	10/1/2022	10/1/2023	10/1/2023	10/1/2024	9/29/2024	9/28/2025	9/28/2025	10/4/2026	10/1/2026	9/14/2025	RSV	0.097874588		0.097874588
10/27/2024	10/1/2022	10/1/2023	10/1/2023	10/1/2024	9/29/2024	9/28/2025	9/28/2025	10/4/2026	10/1/2026	9/14/2025	RSV	0.032624863		0.032624863
11/3/2024	10/1/2022	10/1/2023	10/1/2023	10/1/2024	9/29/2024	9/28/2025	9/28/2025	10/4/2026	10/1/2026	9/14/2025	RSV	0.228374039		0.228374039
11/10/2024	10/1/2022	10/1/2023	10/1/2023	10/1/2024	9/29/2024	9/28/2025	9/28/2025	10/4/2026	10/1/2026	9/14/2025	RSV	0.326248627		0.326248627
11/17/2024	10/1/2022	10/1/2023	10/1/2023	10/1/2024	9/29/2024	9/28/2025	9/28/2025	10/4/2026	10/1/2026	9/14/2025	RSV	0.260998902		0.260998902
11/24/2024	10/1/2022	10/1/2023	10/1/2023	10/1/2024	9/29/2024	9/28/2025	9/28/2025	10/4/2026	10/1/2026	9/14/2025	RSV	0.521997803		0.521997803
12/1/2024	10/1/2022	10/1/2023	10/1/2023	10/1/2024	9/29/2024	9/28/2025	9/28/2025	10/4/2026	10/1/2026	9/14/2025	RSV	0.880871293		0.880871293
12/8/2024	10/1/2022	10/1/2023	10/1/2023	10/1/2024	9/29/2024	9/28/2025	9/28/2025	10/4/2026	10/1/2026	9/14/2025	RSV	1.500743684		1.500743684
12/15/2024	10/1/2022	10/1/2023	10/1/2023	10/1/2024	9/29/2024	9/28/2025	9/28/2025	10/4/2026	10/1/2026	9/14/2025	RSV	2.414239839		2.414239839
12/22/2024	10/1/2022	10/1/2023	10/1/2023	10/1/2024	9/29/2024	9/28/2025	9/28/2025	10/4/2026	10/1/2026	9/14/2025	RSV	3.784484072		3.784484072
12/29/2024	10/1/2022	10/1/2023	10/1/2023	10/1/2024	9/29/2024	9/28/2025	9/28/2025	10/4/2026	10/1/2026	9/14/2025	RSV	4.502231051		4.502231051
1/5/2025	10/1/2022	10/1/2023	10/1/2023	10/1/2024	9/29/2024	9/28/2025	9/28/2025	10/4/2026	10/1/2026	9/14/2025	RSV	5.970349872		5.970349872
1/12/2025	10/1/2022	10/1/2023	10/1/2023	10/1/2024	9/29/2024	9/28/2025	9/28/2025	10/4/2026	10/1/2026	9/14/2025	RSV	5.383102344		5.383102344
1/19/2025	10/1/2022	10/1/2023	10/1/2023	10/1/2024	9/29/2024	9/28/2025	9/28/2025	10/4/2026	10/1/2026	9/14/2025	RSV	4.436981326		4.436981326
1/26/2025	10/1/2022	10/1/2023	10/1/2023	10/1/2024	9/29/2024	9/28/2025	9/28/2025	10/4/2026	10/1/2026	9/14/2025	RSV	4.371731600		4.371731600
2/2/2025	10/1/2022	10/1/2023	10/1/2023	10/1/2024	9/29/2024	9/28/2025	9/28/2025	10/4/2026	10/1/2026	9/14/2025	RSV	5.219978030		5.219978030
2/9/2025	10/1/2022	10/1/2023	10/1/2023	10/1/2024	9/29/2024	9/28/2025	9/28/2025	10/4/2026	10/1/2026	9/14/2025	RSV	4.273857012		4.273857012
2/16/2025	10/1/2022	10/1/2023	10/1/2023	10/1/2024	9/29/2024	9/28/2025	9/28/2025	10/4/2026	10/1/2026	9/14/2025	RSV	3.556110033		3.556110033
2/23/2025	10/1/2022	10/1/2023	10/1/2023	10/1/2024	9/29/2024	9/28/2025	9/28/2025	10/4/2026	10/1/2026	9/14/2025	RSV	3.197236544		3.197236544
3/2/2025	10/1/2022	10/1/2023	10/1/2023	10/1/2024	9/29/2024	9/28/2025	9/28/2025	10/4/2026	10/1/2026	9/14/2025	RSV	2.870987917		2.870987917
3/9/2025	10/1/2022	10/1/2023	10/1/2023	10/1/2024	9/29/2024	9/28/2025	9/28/2025	10/4/2026	10/1/2026	9/14/2025	RSV	2.251115526		2.251115526
3/16/2025	10/1/2022	10/1/2023	10/1/2023	10/1/2024	9/29/2024	9/28/2025	9/28/2025	10/4/2026	10/1/2026	9/14/2025	RSV	2.381614976		2.381614976
3/23/2025	10/1/2022	10/1/2023	10/1/2023	10/1/2024	9/29/2024	9/28/2025	9/28/2025	10/4/2026	10/1/2026	9/14/2025	RSV	1.435493958		1.435493958
3/30/2025	10/1/2022	10/1/2023	10/1/2023	10/1/2024	9/29/2024	9/28/2025	9/28/2025	10/4/2026	10/1/2026	9/14/2025	RSV	1.043995606		1.043995606
4/6/2025	10/1/2022	10/1/2023	10/1/2023	10/1/2024	9/29/2024	9/28/2025	9/28/2025	10/4/2026	10/1/2026	9/14/2025	RSV	0.750371842		0.750371842
4/13/2025	10/1/2022	10/1/2023	10/1/2023	10/1/2024	9/29/2024	9/28/2025	9/28/2025	10/4/2026	10/1/2026	9/14/2025	RSV	0.848246430		0.848246430
4/20/2025	10/1/2022	10/1/2023	10/1/2023	10/1/2024	9/29/2024	9/28/2025	9/28/2025	10/4/2026	10/1/2026	9/14/2025	RSV	0.554622666		0.554622666
4/27/2025	10/1/2022	10/1/2023	10/1/2023	10/1/2024	9/29/2024	9/28/2025	9/28/2025	10/4/2026	10/1/2026	9/14/2025	RSV	0.456748078		0.456748078
5/4/2025	10/1/2022	10/1/2023	10/1/2023	10/1/2024	9/29/2024	9/28/2025	9/28/2025	10/4/2026	10/1/2026	9/14/2025	RSV	0.391498352		0.391498352
5/11/2025	10/1/2022	10/1/2023	10/1/2023	10/1/2024	9/29/2024	9/28/2025	9/28/2025	10/4/2026	10/1/2026	9/14/2025	RSV	0.065249725		0.065249725
5/18/2025	10/1/2022	10/1/2023	10/1/2023	10/1/2024	9/29/2024	9/28/2025	9/28/2025	10/4/2026	10/1/2026	9/14/2025	RSV	0.097874588		0.097874588
5/25/2025	10/1/2022	10/1/2023	10/1/2023	10/1/2024	9/29/2024	9/28/2025	9/28/2025	10/4/2026	10/1/2026	9/14/2025	RSV	0.097874588		0.097874588
6/1/2025	10/1/2022	10/1/2023	10/1/2023	10/1/2024	9/29/2024	9/28/2025	9/28/2025	10/4/2026	10/1/2026	9/14/2025	RSV	0.032624863		0.032624863
6/8/2025	10/1/2022	10/1/2023	10/1/2023	10/1/2024	9/29/2024	9/28/2025	9/28/2025	10/4/2026	10/1/2026	9/14/2025	RSV	0		0
6/15/2025	10/1/2022	10/1/2023	10/1/2023	10/1/2024	9/29/2024	9/28/2025	9/28/2025	10/4/2026	10/1/2026	9/14/2025	RSV	0.065249725		0.065249725
6/22/2025	10/1/2022	10/1/2023	10/1/2023	10/1/2024	9/29/2024	9/28/2025	9/28/2025	10/4/2026	10/1/2026	9/14/2025	RSV	0		0
6/29/2025	10/1/2022	10/1/2023	10/1/2023	10/1/2024	9/29/2024	9/28/2025	9/28/2025	10/4/2026	10/1/2026	9/14/2025	RSV	0.065249725		0.065249725
7/6/2025	10/1/2022	10/1/2023	10/1/2023	10/1/2024	9/29/2024	9/28/2025	9/28/2025	10/4/2026	10/1/2026	9/14/2025	RSV	0.032624863		0.032624863
7/13/2025	10/1/2022	10/1/2023	10/1/2023	10/1/2024	9/29/2024	9/28/2025	9/28/2025	10/4/2026	10/1/2026	9/14/2025	RSV	0		0
7/20/2025	10/1/2022	10/1/2023	10/1/2023	10/1/2024	9/29/2024	9/28/2025	9/28/2025	10/4/2026	10/1/2026	9/14/2025	RSV	0.065249725		0.065249725
7/27/2025	10/1/2022	10/1/2023	10/1/2023	10/1/2024	9/29/2024	9/28/2025	9/28/2025	10/4/2026	10/1/2026	9/14/2025	RSV	0.032624863		0.032624863
8/3/2025	10/1/2022	10/1/2023	10/1/2023	10/1/2024	9/29/2024	9/28/2025	9/28/2025	10/4/2026	10/1/2026	9/14/2025	RSV	0		0
8/10/2025	10/1/2022	10/1/2023	10/1/2023	10/1/2024	9/29/2024	9/28/2025	9/28/2025	10/4/2026	10/1/2026	9/14/2025	RSV	0.032624863		0.032624863
8/17/2025	10/1/2022	10/1/2023	10/1/2023	10/1/2024	9/29/2024	9/28/2025	9/28/2025	10/4/2026	10/1/2026	9/14/2025	RSV	0.065249725		0.065249725
8/24/2025	10/1/2022	10/1/2023	10/1/2023	10/1/2024	9/29/2024	9/28/2025	9/28/2025	10/4/2026	10/1/2026	9/14/2025	RSV	0.065249725		0.065249725
8/31/2025	10/1/2022	10/1/2023	10/1/2023	10/1/2024	9/29/2024	9/28/2025	9/28/2025	10/4/2026	10/1/2026	9/14/2025	RSV	0.032624863		0.032624863
9/7/2025	10/1/2022	10/1/2023	10/1/2023	10/1/2024	9/29/2024	9/28/2025	9/28/2025	10/4/2026	10/1/2026	9/14/2025	RSV	0.065249725		0.065249725
9/14/2025	10/1/2022	10/1/2023	10/1/2023	10/1/2024	9/29/2024	9/28/2025	9/28/2025	10/4/2026	10/1/2026	9/14/2025	RSV	0.032624863		0.032624863
9/21/2025	10/1/2022	10/1/2023	10/1/2023	10/1/2024	9/29/2024	9/28/2025	9/28/2025	10/4/2026	10/1/2026	9/14/2025	RSV	0.065249725		0.065249725
9/28/2025	10/1/2022	10/1/2023	10/1/2023	10/1/2024	9/29/2024	9/28/2025	9/28/2025	10/4/2026	10/1/2026	9/14/2025	RSV	0		0
10/2/2022	10/1/2022	10/1/2023	10/1/2023	10/1/2024	9/29/2024	9/28/2025	9/28/2025	10/4/2026	10/1/2026	9/14/2025	Influenza	0.130499451		0.130499451
10/9/2022	10/1/2022	10/1/2023	10/1/2023	10/1/2024	9/29/2024	9/28/2025	9/28/2025	10/4/2026	10/1/2026	9/14/2025	Influenza	0.130499451		0.130499451
10/16/2022	10/1/2022	10/1/2023	10/1/2023	10/1/2024	9/29/2024	9/28/2025	9/28/2025	10/4/2026	10/1/2026	9/14/2025	Influenza	0.456748078		0.456748078
10/23/2022	10/1/2022	10/1/2023	10/1/2023	10/1/2024	9/29/2024	9/28/2025	9/28/2025	10/4/2026	10/1/2026	9/14/2025	Influenza	1.174495057		1.174495057
10/30/2022	10/1/2022	10/1/2023	10/1/2023	10/1/2024	9/29/2024	9/28/2025	9/28/2025	10/4/2026	10/1/2026	9/14/2025	Influenza	3.131986818		3.131986818
11/6/2022	10/1/2022	10/1/2023	10/1/2023	10/1/2024	9/29/2024	9/28/2025	9/28/2025	10/4/2026	10/1/2026	9/14/2025	Influenza	7.210094655		7.210094655
11/13/2022	10/1/2022	10/1/2023	10/1/2023	10/1/2024	9/29/2024	9/28/2025	9/28/2025	10/4/2026	10/1/2026	9/14/2025	Influenza	7.960466496		7.960466496
11/20/2022	10/1/2022	10/1/2023	10/1/2023	10/1/2024	9/29/2024	9/28/2025	9/28/2025	10/4/2026	10/1/2026	9/14/2025	Influenza	12.038574333		12.038574333
11/27/2022	10/1/2022	10/1/2023	10/1/2023	10/1/2024	9/29/2024	9/28/2025	9/28/2025	10/4/2026	10/1/2026	9/14/2025	Influenza	10.015832846		10.015832846
12/4/2022	10/1/2022	10/1/2023	10/1/2023	10/1/2024	9/29/2024	9/28/2025	9/28/2025	10/4/2026	10/1/2026	9/14/2025	Influenza	6.720721714		6.720721714
12/11/2022	10/1/2022	10/1/2023	10/1/2023	10/1/2024	9/29/2024	9/28/2025	9/28/2025	10/4/2026	10/1/2026	9/14/2025	Influenza	4.110732699		4.110732699
12/18/2022	10/1/2022	10/1/2023	10/1/2023	10/1/2024	9/29/2024	9/28/2025	9/28/2025	10/4/2026	10/1/2026	9/14/2025	Influenza	2.479489564		2.479489564
12/25/2022	10/1/2022	10/1/2023	10/1/2023	10/1/2024	9/29/2024	9/28/2025	9/28/2025	10/4/2026	10/1/2026	9/14/2025	Influenza	2.283740388		2.283740388
1/1/2023	10/1/2022	10/1/2023	10/1/2023	10/1/2024	9/29/2024	9/28/2025	9/28/2025	10/4/2026	10/1/2026	9/14/2025	Influenza	0.913496155		0.913496155
1/8/2023	10/1/2022	10/1/2023	10/1/2023	10/1/2024	9/29/2024	9/28/2025	9/28/2025	10/4/2026	10/1/2026	9/14/2025	Influenza	0.587247528		0.587247528
1/15/2023	10/1/2022	10/1/2023	10/1/2023	10/1/2024	9/29/2024	9/28/2025	9/28/2025	10/4/2026	10/1/2026	9/14/2025	Influenza	0.489372940		0.489372940
1/22/2023	10/1/2022	10/1/2023	10/1/2023	10/1/2024	9/29/2024	9/28/2025	9/28/2025	10/4/2026	10/1/2026	9/14/2025	Influenza	0.228374039		0.228374039
1/29/2023	10/1/2022	10/1/2023	10/1/2023	10/1/2024	9/29/2024	9/28/2025	9/28/2025	10/4/2026	10/1/2026	9/14/2025	Influenza	0.228374039		0.228374039
2/5/2023	10/1/2022	10/1/2023	10/1/2023	10/1/2024	9/29/2024	9/28/2025	9/28/2025	10/4/2026	10/1/2026	9/14/2025	Influenza	0.130499451		0.130499451
2/12/2023	10/1/2022	10/1/2023	10/1/2023	10/1/2024	9/29/2024	9/28/2025	9/28/2025	10/4/2026	10/1/2026	9/14/2025	Influenza	0.293623764		0.293623764
2/19/2023	10/1/2022	10/1/2023	10/1/2023	10/1/2024	9/29/2024	9/28/2025	9/28/2025	10/4/2026	10/1/2026	9/14/2025	Influenza	0.163124313		0.163124313
2/26/2023	10/1/2022	10/1/2023	10/1/2023	10/1/2024	9/29/2024	9/28/2025	9/28/2025	10/4/2026	10/1/2026	9/14/2025	Influenza	0.097874588		0.097874588
3/5/2023	10/1/2022	10/1/2023	10/1/2023	10/1/2024	9/29/2024	9/28/2025	9/28/2025	10/4/2026	10/1/2026	9/14/2025	Influenza	0.260998902		0.260998902
3/12/2023	10/1/2022	10/1/2023	10/1/2023	10/1/2024	9/29/2024	9/28/2025	9/28/2025	10/4/2026	10/1/2026	9/14/2025	Influenza	0.195749176		0.195749176
3/19/2023	10/1/2022	10/1/2023	10/1/2023	10/1/2024	9/29/2024	9/28/2025	9/28/2025	10/4/2026	10/1/2026	9/14/2025	Influenza	0.195749176		0.195749176
3/26/2023	10/1/2022	10/1/2023	10/1/2023	10/1/2024	9/29/2024	9/28/2025	9/28/2025	10/4/2026	10/1/2026	9/14/2025	Influenza	0.587247528		0.587247528
4/2/2023	10/1/2022	10/1/2023	10/1/2023	10/1/2024	9/29/2024	9/28/2025	9/28/2025	10/4/2026	10/1/2026	9/14/2025	Influenza	0.391498352		0.391498352
4/9/2023	10/1/2022	10/1/2023	10/1/2023	10/1/2024	9/29/2024	9/28/2025	9/28/2025	10/4/2026	10/1/2026	9/14/2025	Influenza	0.489372940		0.489372940
4/16/2023	10/1/2022	10/1/2023	10/1/2023	10/1/2024	9/29/2024	9/28/2025	9/28/2025	10/4/2026	10/1/2026	9/14/2025	Influenza	0.260998902		0.260998902
4/23/2023	10/1/2022	10/1/2023	10/1/2023	10/1/2024	9/29/2024	9/28/2025	9/28/2025	10/4/2026	10/1/2026	9/14/2025	Influenza	0.326248627		0.326248627
4/30/2023	10/1/2022	10/1/2023	10/1/2023	10/1/2024	9/29/2024	9/28/2025	9/28/2025	10/4/2026	10/1/2026	9/14/2025	Influenza	0.587247528		0.587247528
5/7/2023	10/1/2022	10/1/2023	10/1/2023	10/1/2024	9/29/2024	9/28/2025	9/28/2025	10/4/2026	10/1/2026	9/14/2025	Influenza	0.521997803		0.521997803
5/14/2023	10/1/2022	10/1/2023	10/1/2023	10/1/2024	9/29/2024	9/28/2025	9/28/2025	10/4/2026	10/1/2026	9/14/2025	Influenza	0.326248627		0.326248627
5/21/2023	10/1/2022	10/1/2023	10/1/2023	10/1/2024	9/29/2024	9/28/2025	9/28/2025	10/4/2026	10/1/2026	9/14/2025	Influenza	0.065249725		0.065249725
5/28/2023	10/1/2022	10/1/2023	10/1/2023	10/1/2024	9/29/2024	9/28/2025	9/28/2025	10/4/2026	10/1/2026	9/14/2025	Influenza	0.097874588		0.097874588
6/4/2023	10/1/2022	10/1/2023	10/1/2023	10/1/2024	9/29/2024	9/28/2025	9/28/2025	10/4/2026	10/1/2026	9/14/2025	Influenza	0.065249725		0.065249725
6/11/2023	10/1/2022	10/1/2023	10/1/2023	10/1/2024	9/29/2024	9/28/2025	9/28/2025	10/4/2026	10/1/2026	9/14/2025	Influenza	0.032624863		0.032624863
6/18/2023	10/1/2022	10/1/2023	10/1/2023	10/1/2024	9/29/2024	9/28/2025	9/28/2025	10/4/2026	10/1/2026	9/14/2025	Influenza	0.065249725		0.065249725
6/25/2023	10/1/2022	10/1/2023	10/1/2023	10/1/2024	9/29/2024	9/28/2025	9/28/2025	10/4/2026	10/1/2026	9/14/2025	Influenza	0		0
7/2/2023	10/1/2022	10/1/2023	10/1/2023	10/1/2024	9/29/2024	9/28/2025	9/28/2025	10/4/2026	10/1/2026	9/14/2025	Influenza	0.032624863		0.032624863
7/9/2023	10/1/2022	10/1/2023	10/1/2023	10/1/2024	9/29/2024	9/28/2025	9/28/2025	10/4/2026	10/1/2026	9/14/2025	Influenza	0		0
7/16/2023	10/1/2022	10/1/2023	10/1/2023	10/1/2024	9/29/2024	9/28/2025	9/28/2025	10/4/2026	10/1/2026	9/14/2025	Influenza	0		0
7/23/2023	10/1/2022	10/1/2023	10/1/2023	10/1/2024	9/29/2024	9/28/2025	9/28/2025	10/4/2026	10/1/2026	9/14/2025	Influenza	0.032624863		0.032624863
7/30/2023	10/1/2022	10/1/2023	10/1/2023	10/1/2024	9/29/2024	9/28/2025	9/28/2025	10/4/2026	10/1/2026	9/14/2025	Influenza	0		0
8/6/2023	10/1/2022	10/1/2023	10/1/2023	10/1/2024	9/29/2024	9/28/2025	9/28/2025	10/4/2026	10/1/2026	9/14/2025	Influenza	0.032624863		0.032624863
8/13/2023	10/1/2022	10/1/2023	10/1/2023	10/1/2024	9/29/2024	9/28/2025	9/28/2025	10/4/2026	10/1/2026	9/14/2025	Influenza	0.032624863		0.032624863
8/20/2023	10/1/2022	10/1/2023	10/1/2023	10/1/2024	9/29/2024	9/28/2025	9/28/2025	10/4/2026	10/1/2026	9/14/2025	Influenza	0		0
8/27/2023	10/1/2022	10/1/2023	10/1/2023	10/1/2024	9/29/2024	9/28/2025	9/28/2025	10/4/2026	10/1/2026	9/14/2025	Influenza	0		0
9/3/2023	10/1/2022	10/1/2023	10/1/2023	10/1/2024	9/29/2024	9/28/2025	9/28/2025	10/4/2026	10/1/2026	9/14/2025	Influenza	0.032624863		0.032624863
9/10/2023	10/1/2022	10/1/2023	10/1/2023	10/1/2024	9/29/2024	9/28/2025	9/28/2025	10/4/2026	10/1/2026	9/14/2025	Influenza	0.065249725		0.065249725
9/17/2023	10/1/2022	10/1/2023	10/1/2023	10/1/2024	9/29/2024	9/28/2025	9/28/2025	10/4/2026	10/1/2026	9/14/2025	Influenza	0.032624863		0.032624863
9/24/2023	10/1/2022	10/1/2023	10/1/2023	10/1/2024	9/29/2024	9/28/2025	9/28/2025	10/4/2026	10/1/2026	9/14/2025	Influenza	0.195749176		0.195749176
10/1/2023	10/1/2022	10/1/2023	10/1/2023	10/1/2024	9/29/2024	9/28/2025	9/28/2025	10/4/2026	10/1/2026	9/14/2025	Influenza	0.065249725		0.065249725
10/8/2023	10/1/2022	10/1/2023	10/1/2023	10/1/2024	9/29/2024	9/28/2025	9/28/2025	10/4/2026	10/1/2026	9/14/2025	Influenza	0.097874588		0.097874588
10/15/2023	10/1/2022	10/1/2023	10/1/2023	10/1/2024	9/29/2024	9/28/2025	9/28/2025	10/4/2026	10/1/2026	9/14/2025	Influenza	0.032624863		0.032624863
10/22/2023	10/1/2022	10/1/2023	10/1/2023	10/1/2024	9/29/2024	9/28/2025	9/28/2025	10/4/2026	10/1/2026	9/14/2025	Influenza	0.032624863		0.032624863
10/29/2023	10/1/2022	10/1/2023	10/1/2023	10/1/2024	9/29/2024	9/28/2025	9/28/2025	10/4/2026	10/1/2026	9/14/2025	Influenza	0.358873490		0.358873490
11/5/2023	10/1/2022	10/1/2023	10/1/2023	10/1/2024	9/29/2024	9/28/2025	9/28/2025	10/4/2026	10/1/2026	9/14/2025	Influenza	0.652497254		0.652497254
11/12/2023	10/1/2022	10/1/2023	10/1/2023	10/1/2024	9/29/2024	9/28/2025	9/28/2025	10/4/2026	10/1/2026	9/14/2025	Influenza	0.456748078		0.456748078
11/19/2023	10/1/2022	10/1/2023	10/1/2023	10/1/2024	9/29/2024	9/28/2025	9/28/2025	10/4/2026	10/1/2026	9/14/2025	Influenza	0.424123215		0.424123215
11/26/2023	10/1/2022	10/1/2023	10/1/2023	10/1/2024	9/29/2024	9/28/2025	9/28/2025	10/4/2026	10/1/2026	9/14/2025	Influenza	1.239744782		1.239744782
12/3/2023	10/1/2022	10/1/2023	10/1/2023	10/1/2024	9/29/2024	9/28/2025	9/28/2025	10/4/2026	10/1/2026	9/14/2025	Influenza	2.087991212		2.087991212
12/10/2023	10/1/2022	10/1/2023	10/1/2023	10/1/2024	9/29/2024	9/28/2025	9/28/2025	10/4/2026	10/1/2026	9/14/2025	Influenza	2.544739290		2.544739290
12/17/2023	10/1/2022	10/1/2023	10/1/2023	10/1/2024	9/29/2024	9/28/2025	9/28/2025	10/4/2026	10/1/2026	9/14/2025	Influenza	4.567480777		4.567480777
12/24/2023	10/1/2022	10/1/2023	10/1/2023	10/1/2024	9/29/2024	9/28/2025	9/28/2025	10/4/2026	10/1/2026	9/14/2025	Influenza	5.480976932		5.480976932
12/31/2023	10/1/2022	10/1/2023	10/1/2023	10/1/2024	9/29/2024	9/28/2025	9/28/2025	10/4/2026	10/1/2026	9/14/2025	Influenza	3.719234347		3.719234347
1/7/2024	10/1/2022	10/1/2023	10/1/2023	10/1/2024	9/29/2024	9/28/2025	9/28/2025	10/4/2026	10/1/2026	9/14/2025	Influenza	4.110732699		4.110732699
1/14/2024	10/1/2022	10/1/2023	10/1/2023	10/1/2024	9/29/2024	9/28/2025	9/28/2025	10/4/2026	10/1/2026	9/14/2025	Influenza	3.458235445		3.458235445
1/21/2024	10/1/2022	10/1/2023	10/1/2023	10/1/2024	9/29/2024	9/28/2025	9/28/2025	10/4/2026	10/1/2026	9/14/2025	Influenza	4.534855914		4.534855914
1/28/2024	10/1/2022	10/1/2023	10/1/2023	10/1/2024	9/29/2024	9/28/2025	9/28/2025	10/4/2026	10/1/2026	9/14/2025	Influenza	4.404356463		4.404356463
2/4/2024	10/1/2022	10/1/2023	10/1/2023	10/1/2024	9/29/2024	9/28/2025	9/28/2025	10/4/2026	10/1/2026	9/14/2025	Influenza	4.469606189		4.469606189
2/11/2024	10/1/2022	10/1/2023	10/1/2023	10/1/2024	9/29/2024	9/28/2025	9/28/2025	10/4/2026	10/1/2026	9/14/2025	Influenza	3.490860308		3.490860308
2/18/2024	10/1/2022	10/1/2023	10/1/2023	10/1/2024	9/29/2024	9/28/2025	9/28/2025	10/4/2026	10/1/2026	9/14/2025	Influenza	3.784484072		3.784484072
2/25/2024	10/1/2022	10/1/2023	10/1/2023	10/1/2024	9/29/2024	9/28/2025	9/28/2025	10/4/2026	10/1/2026	9/14/2025	Influenza	4.436981326		4.436981326
3/3/2024	10/1/2022	10/1/2023	10/1/2023	10/1/2024	9/29/2024	9/28/2025	9/28/2025	10/4/2026	10/1/2026	9/14/2025	Influenza	3.784484072		3.784484072
3/10/2024	10/1/2022	10/1/2023	10/1/2023	10/1/2024	9/29/2024	9/28/2025	9/28/2025	10/4/2026	10/1/2026	9/14/2025	Influenza	3.914983523		3.914983523
3/17/2024	10/1/2022	10/1/2023	10/1/2023	10/1/2024	9/29/2024	9/28/2025	9/28/2025	10/4/2026	10/1/2026	9/14/2025	Influenza	3.164611681		3.164611681
3/24/2024	10/1/2022	10/1/2023	10/1/2023	10/1/2024	9/29/2024	9/28/2025	9/28/2025	10/4/2026	10/1/2026	9/14/2025	Influenza	2.805738191		2.805738191
3/31/2024	10/1/2022	10/1/2023	10/1/2023	10/1/2024	9/29/2024	9/28/2025	9/28/2025	10/4/2026	10/1/2026	9/14/2025	Influenza	2.577364153		2.577364153
4/7/2024	10/1/2022	10/1/2023	10/1/2023	10/1/2024	9/29/2024	9/28/2025	9/28/2025	10/4/2026	10/1/2026	9/14/2025	Influenza	1.696492860		1.696492860
4/14/2024	10/1/2022	10/1/2023	10/1/2023	10/1/2024	9/29/2024	9/28/2025	9/28/2025	10/4/2026	10/1/2026	9/14/2025	Influenza	1.076620469		1.076620469
4/21/2024	10/1/2022	10/1/2023	10/1/2023	10/1/2024	9/29/2024	9/28/2025	9/28/2025	10/4/2026	10/1/2026	9/14/2025	Influenza	0.880871293		0.880871293
4/28/2024	10/1/2022	10/1/2023	10/1/2023	10/1/2024	9/29/2024	9/28/2025	9/28/2025	10/4/2026	10/1/2026	9/14/2025	Influenza	0.489372940		0.489372940
5/5/2024	10/1/2022	10/1/2023	10/1/2023	10/1/2024	9/29/2024	9/28/2025	9/28/2025	10/4/2026	10/1/2026	9/14/2025	Influenza	0.293623764		0.293623764
5/12/2024	10/1/2022	10/1/2023	10/1/2023	10/1/2024	9/29/2024	9/28/2025	9/28/2025	10/4/2026	10/1/2026	9/14/2025	Influenza	0.097874588		0.097874588
5/19/2024	10/1/2022	10/1/2023	10/1/2023	10/1/2024	9/29/2024	9/28/2025	9/28/2025	10/4/2026	10/1/2026	9/14/2025	Influenza	0.065249725		0.065249725
5/26/2024	10/1/2022	10/1/2023	10/1/2023	10/1/2024	9/29/2024	9/28/2025	9/28/2025	10/4/2026	10/1/2026	9/14/2025	Influenza	0.065249725		0.065249725
6/2/2024	10/1/2022	10/1/2023	10/1/2023	10/1/2024	9/29/2024	9/28/2025	9/28/2025	10/4/2026	10/1/2026	9/14/2025	Influenza	0.065249725		0.065249725
6/9/2024	10/1/2022	10/1/2023	10/1/2023	10/1/2024	9/29/2024	9/28/2025	9/28/2025	10/4/2026	10/1/2026	9/14/2025	Influenza	0.065249725		0.065249725
6/16/2024	10/1/2022	10/1/2023	10/1/2023	10/1/2024	9/29/2024	9/28/2025	9/28/2025	10/4/2026	10/1/2026	9/14/2025	Influenza	0.163124313		0.163124313
6/23/2024	10/1/2022	10/1/2023	10/1/2023	10/1/2024	9/29/2024	9/28/2025	9/28/2025	10/4/2026	10/1/2026	9/14/2025	Influenza	0.065249725		0.065249725
6/30/2024	10/1/2022	10/1/2023	10/1/2023	10/1/2024	9/29/2024	9/28/2025	9/28/2025	10/4/2026	10/1/2026	9/14/2025	Influenza	0.097874588		0.097874588
7/7/2024	10/1/2022	10/1/2023	10/1/2023	10/1/2024	9/29/2024	9/28/2025	9/28/2025	10/4/2026	10/1/2026	9/14/2025	Influenza	0.228374039		0.228374039
7/14/2024	10/1/2022	10/1/2023	10/1/2023	10/1/2024	9/29/2024	9/28/2025	9/28/2025	10/4/2026	10/1/2026	9/14/2025	Influenza	0.032624863		0.032624863
7/21/2024	10/1/2022	10/1/2023	10/1/2023	10/1/2024	9/29/2024	9/28/2025	9/28/2025	10/4/2026	10/1/2026	9/14/2025	Influenza	0.032624863		0.032624863
7/28/2024	10/1/2022	10/1/2023	10/1/2023	10/1/2024	9/29/2024	9/28/2025	9/28/2025	10/4/2026	10/1/2026	9/14/2025	Influenza	0.032624863		0.032624863
8/4/2024	10/1/2022	10/1/2023	10/1/2023	10/1/2024	9/29/2024	9/28/2025	9/28/2025	10/4/2026	10/1/2026	9/14/2025	Influenza	0.097874588		0.097874588
8/11/2024	10/1/2022	10/1/2023	10/1/2023	10/1/2024	9/29/2024	9/28/2025	9/28/2025	10/4/2026	10/1/2026	9/14/2025	Influenza	0.032624863		0.032624863
8/18/2024	10/1/2022	10/1/2023	10/1/2023	10/1/2024	9/29/2024	9/28/2025	9/28/2025	10/4/2026	10/1/2026	9/14/2025	Influenza	0		0
8/25/2024	10/1/2022	10/1/2023	10/1/2023	10/1/2024	9/29/2024	9/28/2025	9/28/2025	10/4/2026	10/1/2026	9/14/2025	Influenza	0.065249725		0.065249725
9/1/2024	10/1/2022	10/1/2023	10/1/2023	10/1/2024	9/29/2024	9/28/2025	9/28/2025	10/4/2026	10/1/2026	9/14/2025	Influenza	0.032624863		0.032624863
9/8/2024	10/1/2022	10/1/2023	10/1/2023	10/1/2024	9/29/2024	9/28/2025	9/28/2025	10/4/2026	10/1/2026	9/14/2025	Influenza	0.065249725		0.065249725
9/15/2024	10/1/2022	10/1/2023	10/1/2023	10/1/2024	9/29/2024	9/28/2025	9/28/2025	10/4/2026	10/1/2026	9/14/2025	Influenza	0.065249725		0.065249725
9/22/2024	10/1/2022	10/1/2023	10/1/2023	10/1/2024	9/29/2024	9/28/2025	9/28/2025	10/4/2026	10/1/2026	9/14/2025	Influenza	0.097874588		0.097874588
9/29/2024	10/1/2022	10/1/2023	10/1/2023	10/1/2024	9/29/2024	9/28/2025	9/28/2025	10/4/2026	10/1/2026	9/14/2025	Influenza	0.065249725		0.065249725
10/6/2024	10/1/2022	10/1/2023	10/1/2023	10/1/2024	9/29/2024	9/28/2025	9/28/2025	10/4/2026	10/1/2026	9/14/2025	Influenza	0.032624863		0.032624863
10/13/2024	10/1/2022	10/1/2023	10/1/2023	10/1/2024	9/29/2024	9/28/2025	9/28/2025	10/4/2026	10/1/2026	9/14/2025	Influenza	0.032624863		0.032624863
10/20/2024	10/1/2022	10/1/2023	10/1/2023	10/1/2024	9/29/2024	9/28/2025	9/28/2025	10/4/2026	10/1/2026	9/14/2025	Influenza	0		0
10/27/2024	10/1/2022	10/1/2023	10/1/2023	10/1/2024	9/29/2024	9/28/2025	9/28/2025	10/4/2026	10/1/2026	9/14/2025	Influenza	0		0
11/3/2024	10/1/2022	10/1/2023	10/1/2023	10/1/2024	9/29/2024	9/28/2025	9/28/2025	10/4/2026	10/1/2026	9/14/2025	Influenza	0.228374039		0.228374039
11/10/2024	10/1/2022	10/1/2023	10/1/2023	10/1/2024	9/29/2024	9/28/2025	9/28/2025	10/4/2026	10/1/2026	9/14/2025	Influenza	0.163124313		0.163124313
11/17/2024	10/1/2022	10/1/2023	10/1/2023	10/1/2024	9/29/2024	9/28/2025	9/28/2025	10/4/2026	10/1/2026	9/14/2025	Influenza	0.195749176		0.195749176
11/24/2024	10/1/2022	10/1/2023	10/1/2023	10/1/2024	9/29/2024	9/28/2025	9/28/2025	10/4/2026	10/1/2026	9/14/2025	Influenza	0.260998902		0.260998902
12/1/2024	10/1/2022	10/1/2023	10/1/2023	10/1/2024	9/29/2024	9/28/2025	9/28/2025	10/4/2026	10/1/2026	9/14/2025	Influenza	0.880871293		0.880871293
12/8/2024	10/1/2022	10/1/2023	10/1/2023	10/1/2024	9/29/2024	9/28/2025	9/28/2025	10/4/2026	10/1/2026	9/14/2025	Influenza	1.468118821		1.468118821
12/15/2024	10/1/2022	10/1/2023	10/1/2023	10/1/2024	9/29/2024	9/28/2025	9/28/2025	10/4/2026	10/1/2026	9/14/2025	Influenza	3.849733797		3.849733797
12/22/2024	10/1/2022	10/1/2023	10/1/2023	10/1/2024	9/29/2024	9/28/2025	9/28/2025	10/4/2026	10/1/2026	9/14/2025	Influenza	11.288202491		11.288202491
12/29/2024	10/1/2022	10/1/2023	10/1/2023	10/1/2024	9/29/2024	9/28/2025	9/28/2025	10/4/2026	10/1/2026	9/14/2025	Influenza	17.291177226		17.291177226
1/5/2025	10/1/2022	10/1/2023	10/1/2023	10/1/2024	9/29/2024	9/28/2025	9/28/2025	10/4/2026	10/1/2026	9/14/2025	Influenza	15.790433542		15.790433542
1/12/2025	10/1/2022	10/1/2023	10/1/2023	10/1/2024	9/29/2024	9/28/2025	9/28/2025	10/4/2026	10/1/2026	9/14/2025	Influenza	14.452814172		14.452814172
1/19/2025	10/1/2022	10/1/2023	10/1/2023	10/1/2024	9/29/2024	9/28/2025	9/28/2025	10/4/2026	10/1/2026	9/14/2025	Influenza	14.191815270		14.191815270
1/26/2025	10/1/2022	10/1/2023	10/1/2023	10/1/2024	9/29/2024	9/28/2025	9/28/2025	10/4/2026	10/1/2026	9/14/2025	Influenza	14.420189309		14.420189309
2/2/2025	10/1/2022	10/1/2023	10/1/2023	10/1/2024	9/29/2024	9/28/2025	9/28/2025	10/4/2026	10/1/2026	9/14/2025	Influenza	10.048457709		10.048457709
2/9/2025	10/1/2022	10/1/2023	10/1/2023	10/1/2024	9/29/2024	9/28/2025	9/28/2025	10/4/2026	10/1/2026	9/14/2025	Influenza	7.699467595		7.699467595
2/16/2025	10/1/2022	10/1/2023	10/1/2023	10/1/2024	9/29/2024	9/28/2025	9/28/2025	10/4/2026	10/1/2026	9/14/2025	Influenza	5.970349872		5.970349872
2/23/2025	10/1/2022	10/1/2023	10/1/2023	10/1/2024	9/29/2024	9/28/2025	9/28/2025	10/4/2026	10/1/2026	9/14/2025	Influenza	4.110732699		4.110732699
3/2/2025	10/1/2022	10/1/2023	10/1/2023	10/1/2024	9/29/2024	9/28/2025	9/28/2025	10/4/2026	10/1/2026	9/14/2025	Influenza	3.295111132		3.295111132
3/9/2025	10/1/2022	10/1/2023	10/1/2023	10/1/2024	9/29/2024	9/28/2025	9/28/2025	10/4/2026	10/1/2026	9/14/2025	Influenza	2.544739290		2.544739290
3/16/2025	10/1/2022	10/1/2023	10/1/2023	10/1/2024	9/29/2024	9/28/2025	9/28/2025	10/4/2026	10/1/2026	9/14/2025	Influenza	1.761742585		1.761742585
3/23/2025	10/1/2022	10/1/2023	10/1/2023	10/1/2024	9/29/2024	9/28/2025	9/28/2025	10/4/2026	10/1/2026	9/14/2025	Influenza	1.174495057		1.174495057
3/30/2025	10/1/2022	10/1/2023	10/1/2023	10/1/2024	9/29/2024	9/28/2025	9/28/2025	10/4/2026	10/1/2026	9/14/2025	Influenza	0.978745881		0.978745881
4/6/2025	10/1/2022	10/1/2023	10/1/2023	10/1/2024	9/29/2024	9/28/2025	9/28/2025	10/4/2026	10/1/2026	9/14/2025	Influenza	0.815621567		0.815621567
4/13/2025	10/1/2022	10/1/2023	10/1/2023	10/1/2024	9/29/2024	9/28/2025	9/28/2025	10/4/2026	10/1/2026	9/14/2025	Influenza	0.424123215		0.424123215
4/20/2025	10/1/2022	10/1/2023	10/1/2023	10/1/2024	9/29/2024	9/28/2025	9/28/2025	10/4/2026	10/1/2026	9/14/2025	Influenza	0.293623764		0.293623764
4/27/2025	10/1/2022	10/1/2023	10/1/2023	10/1/2024	9/29/2024	9/28/2025	9/28/2025	10/4/2026	10/1/2026	9/14/2025	Influenza	0.521997803		0.521997803
5/4/2025	10/1/2022	10/1/2023	10/1/2023	10/1/2024	9/29/2024	9/28/2025	9/28/2025	10/4/2026	10/1/2026	9/14/2025	Influenza	0.326248627		0.326248627
5/11/2025	10/1/2022	10/1/2023	10/1/2023	10/1/2024	9/29/2024	9/28/2025	9/28/2025	10/4/2026	10/1/2026	9/14/2025	Influenza	0.032624863		0.032624863
5/18/2025	10/1/2022	10/1/2023	10/1/2023	10/1/2024	9/29/2024	9/28/2025	9/28/2025	10/4/2026	10/1/2026	9/14/2025	Influenza	0.065249725		0.065249725
5/25/2025	10/1/2022	10/1/2023	10/1/2023	10/1/2024	9/29/2024	9/28/2025	9/28/2025	10/4/2026	10/1/2026	9/14/2025	Influenza	0.130499451		0.130499451
6/1/2025	10/1/2022	10/1/2023	10/1/2023	10/1/2024	9/29/2024	9/28/2025	9/28/2025	10/4/2026	10/1/2026	9/14/2025	Influenza	0.065249725		0.065249725
6/8/2025	10/1/2022	10/1/2023	10/1/2023	10/1/2024	9/29/2024	9/28/2025	9/28/2025	10/4/2026	10/1/2026	9/14/2025	Influenza	0.097874588		0.097874588
6/15/2025	10/1/2022	10/1/2023	10/1/2023	10/1/2024	9/29/2024	9/28/2025	9/28/2025	10/4/2026	10/1/2026	9/14/2025	Influenza	0.065249725		0.065249725
6/22/2025	10/1/2022	10/1/2023	10/1/2023	10/1/2024	9/29/2024	9/28/2025	9/28/2025	10/4/2026	10/1/2026	9/14/2025	Influenza	0.032624863		0.032624863
6/29/2025	10/1/2022	10/1/2023	10/1/2023	10/1/2024	9/29/2024	9/28/2025	9/28/2025	10/4/2026	10/1/2026	9/14/2025	Influenza	0.163124313		0.163124313
7/6/2025	10/1/2022	10/1/2023	10/1/2023	10/1/2024	9/29/2024	9/28/2025	9/28/2025	10/4/2026	10/1/2026	9/14/2025	Influenza	0		0
7/13/2025	10/1/2022	10/1/2023	10/1/2023	10/1/2024	9/29/2024	9/28/2025	9/28/2025	10/4/2026	10/1/2026	9/14/2025	Influenza	0		0
7/20/2025	10/1/2022	10/1/2023	10/1/2023	10/1/2024	9/29/2024	9/28/2025	9/28/2025	10/4/2026	10/1/2026	9/14/2025	Influenza	0.032624863		0.032624863
7/27/2025	10/1/2022	10/1/2023	10/1/2023	10/1/2024	9/29/2024	9/28/2025	9/28/2025	10/4/2026	10/1/2026	9/14/2025	Influenza	0.032624863		0.032624863
8/3/2025	10/1/2022	10/1/2023	10/1/2023	10/1/2024	9/29/2024	9/28/2025	9/28/2025	10/4/2026	10/1/2026	9/14/2025	Influenza	0.065249725		0.065249725
8/10/2025	10/1/2022	10/1/2023	10/1/2023	10/1/2024	9/29/2024	9/28/2025	9/28/2025	10/4/2026	10/1/2026	9/14/2025	Influenza	0.032624863		0.032624863
8/17/2025	10/1/2022	10/1/2023	10/1/2023	10/1/2024	9/29/2024	9/28/2025	9/28/2025	10/4/2026	10/1/2026	9/14/2025	Influenza	0.032624863		0.032624863
8/24/2025	10/1/2022	10/1/2023	10/1/2023	10/1/2024	9/29/2024	9/28/2025	9/28/2025	10/4/2026	10/1/2026	9/14/2025	Influenza	0.065249725		0.065249725
8/31/2025	10/1/2022	10/1/2023	10/1/2023	10/1/2024	9/29/2024	9/28/2025	9/28/2025	10/4/2026	10/1/2026	9/14/2025	Influenza	0.032624863		0.032624863
9/7/2025	10/1/2022	10/1/2023	10/1/2023	10/1/2024	9/29/2024	9/28/2025	9/28/2025	10/4/2026	10/1/2026	9/14/2025	Influenza	0.097874588		0.097874588
9/14/2025	10/1/2022	10/1/2023	10/1/2023	10/1/2024	9/29/2024	9/28/2025	9/28/2025	10/4/2026	10/1/2026	9/14/2025	Influenza	0.032624863		0.032624863
9/21/2025	10/1/2022	10/1/2023	10/1/2023	10/1/2024	9/29/2024	9/28/2025	9/28/2025	10/4/2026	10/1/2026	9/14/2025	Influenza	0.032624863		0.032624863
9/28/2025	10/1/2022	10/1/2023	10/1/2023	10/1/2024	9/29/2024	9/28/2025	9/28/2025	10/4/2026	10/1/2026	9/14/2025	Influenza	0.032624863		0.032624863
10/2/2022	10/1/2022	10/1/2023	10/1/2023	10/1/2024	9/29/2024	9/28/2025	9/28/2025	10/4/2026	10/1/2026	9/14/2025	COVID-19	8.743463201		8.743463201
10/9/2022	10/1/2022	10/1/2023	10/1/2023	10/1/2024	9/29/2024	9/28/2025	9/28/2025	10/4/2026	10/1/2026	9/14/2025	COVID-19	7.829967046		7.829967046
10/16/2022	10/1/2022	10/1/2023	10/1/2023	10/1/2024	9/29/2024	9/28/2025	9/28/2025	10/4/2026	10/1/2026	9/14/2025	COVID-19	10.244206885		10.244206885
10/23/2022	10/1/2022	10/1/2023	10/1/2023	10/1/2024	9/29/2024	9/28/2025	9/28/2025	10/4/2026	10/1/2026	9/14/2025	COVID-19	9.167586416		9.167586416
10/30/2022	10/1/2022	10/1/2023	10/1/2023	10/1/2024	9/29/2024	9/28/2025	9/28/2025	10/4/2026	10/1/2026	9/14/2025	COVID-19	9.983207983		9.983207983
11/6/2022	10/1/2022	10/1/2023	10/1/2023	10/1/2024	9/29/2024	9/28/2025	9/28/2025	10/4/2026	10/1/2026	9/14/2025	COVID-19	10.342081473		10.342081473
11/13/2022	10/1/2022	10/1/2023	10/1/2023	10/1/2024	9/29/2024	9/28/2025	9/28/2025	10/4/2026	10/1/2026	9/14/2025	COVID-19	10.994578727		10.994578727
11/20/2022	10/1/2022	10/1/2023	10/1/2023	10/1/2024	9/29/2024	9/28/2025	9/28/2025	10/4/2026	10/1/2026	9/14/2025	COVID-19	11.288202491		11.288202491
11/27/2022	10/1/2022	10/1/2023	10/1/2023	10/1/2024	9/29/2024	9/28/2025	9/28/2025	10/4/2026	10/1/2026	9/14/2025	COVID-19	12.788946175		12.788946175
12/4/2022	10/1/2022	10/1/2023	10/1/2023	10/1/2024	9/29/2024	9/28/2025	9/28/2025	10/4/2026	10/1/2026	9/14/2025	COVID-19	12.071199195		12.071199195
12/11/2022	10/1/2022	10/1/2023	10/1/2023	10/1/2024	9/29/2024	9/28/2025	9/28/2025	10/4/2026	10/1/2026	9/14/2025	COVID-19	11.516576530		11.516576530
12/18/2022	10/1/2022	10/1/2023	10/1/2023	10/1/2024	9/29/2024	9/28/2025	9/28/2025	10/4/2026	10/1/2026	9/14/2025	COVID-19	11.712325706		11.712325706
12/25/2022	10/1/2022	10/1/2023	10/1/2023	10/1/2024	9/29/2024	9/28/2025	9/28/2025	10/4/2026	10/1/2026	9/14/2025	COVID-19	12.234323509		12.234323509
1/1/2023	10/1/2022	10/1/2023	10/1/2023	10/1/2024	9/29/2024	9/28/2025	9/28/2025	10/4/2026	10/1/2026	9/14/2025	COVID-19	10.407331198		10.407331198
1/8/2023	10/1/2022	10/1/2023	10/1/2023	10/1/2024	9/29/2024	9/28/2025	9/28/2025	10/4/2026	10/1/2026	9/14/2025	COVID-19	7.242719517		7.242719517
1/15/2023	10/1/2022	10/1/2023	10/1/2023	10/1/2024	9/29/2024	9/28/2025	9/28/2025	10/4/2026	10/1/2026	9/14/2025	COVID-19	7.112220066		7.112220066
1/22/2023	10/1/2022	10/1/2023	10/1/2023	10/1/2024	9/29/2024	9/28/2025	9/28/2025	10/4/2026	10/1/2026	9/14/2025	COVID-19	7.079595204		7.079595204
1/29/2023	10/1/2022	10/1/2023	10/1/2023	10/1/2024	9/29/2024	9/28/2025	9/28/2025	10/4/2026	10/1/2026	9/14/2025	COVID-19	7.046970341		7.046970341
2/5/2023	10/1/2022	10/1/2023	10/1/2023	10/1/2024	9/29/2024	9/28/2025	9/28/2025	10/4/2026	10/1/2026	9/14/2025	COVID-19	8.025716222		8.025716222
2/12/2023	10/1/2022	10/1/2023	10/1/2023	10/1/2024	9/29/2024	9/28/2025	9/28/2025	10/4/2026	10/1/2026	9/14/2025	COVID-19	6.557597401		6.557597401
2/19/2023	10/1/2022	10/1/2023	10/1/2023	10/1/2024	9/29/2024	9/28/2025	9/28/2025	10/4/2026	10/1/2026	9/14/2025	COVID-19	6.622847126		6.622847126
2/26/2023	10/1/2022	10/1/2023	10/1/2023	10/1/2024	9/29/2024	9/28/2025	9/28/2025	10/4/2026	10/1/2026	9/14/2025	COVID-19	6.361848225		6.361848225
3/5/2023	10/1/2022	10/1/2023	10/1/2023	10/1/2024	9/29/2024	9/28/2025	9/28/2025	10/4/2026	10/1/2026	9/14/2025	COVID-19	5.611476383		5.611476383
3/12/2023	10/1/2022	10/1/2023	10/1/2023	10/1/2024	9/29/2024	9/28/2025	9/28/2025	10/4/2026	10/1/2026	9/14/2025	COVID-19	4.469606189		4.469606189
3/19/2023	10/1/2022	10/1/2023	10/1/2023	10/1/2024	9/29/2024	9/28/2025	9/28/2025	10/4/2026	10/1/2026	9/14/2025	COVID-19	4.045482974		4.045482974
3/26/2023	10/1/2022	10/1/2023	10/1/2023	10/1/2024	9/29/2024	9/28/2025	9/28/2025	10/4/2026	10/1/2026	9/14/2025	COVID-19	4.502231051		4.502231051
4/2/2023	10/1/2022	10/1/2023	10/1/2023	10/1/2024	9/29/2024	9/28/2025	9/28/2025	10/4/2026	10/1/2026	9/14/2025	COVID-19	4.371731600		4.371731600
4/9/2023	10/1/2022	10/1/2023	10/1/2023	10/1/2024	9/29/2024	9/28/2025	9/28/2025	10/4/2026	10/1/2026	9/14/2025	COVID-19	3.131986818		3.131986818
4/16/2023	10/1/2022	10/1/2023	10/1/2023	10/1/2024	9/29/2024	9/28/2025	9/28/2025	10/4/2026	10/1/2026	9/14/2025	COVID-19	2.805738191		2.805738191
4/23/2023	10/1/2022	10/1/2023	10/1/2023	10/1/2024	9/29/2024	9/28/2025	9/28/2025	10/4/2026	10/1/2026	9/14/2025	COVID-19	2.707863603		2.707863603
4/30/2023	10/1/2022	10/1/2023	10/1/2023	10/1/2024	9/29/2024	9/28/2025	9/28/2025	10/4/2026	10/1/2026	9/14/2025	COVID-19	2.414239839		2.414239839
5/7/2023	10/1/2022	10/1/2023	10/1/2023	10/1/2024	9/29/2024	9/28/2025	9/28/2025	10/4/2026	10/1/2026	9/14/2025	COVID-19	2.022741487		2.022741487
5/14/2023	10/1/2022	10/1/2023	10/1/2023	10/1/2024	9/29/2024	9/28/2025	9/28/2025	10/4/2026	10/1/2026	9/14/2025	COVID-19	1.631243135		1.631243135
5/21/2023	10/1/2022	10/1/2023	10/1/2023	10/1/2024	9/29/2024	9/28/2025	9/28/2025	10/4/2026	10/1/2026	9/14/2025	COVID-19	1.631243135		1.631243135
5/28/2023	10/1/2022	10/1/2023	10/1/2023	10/1/2024	9/29/2024	9/28/2025	9/28/2025	10/4/2026	10/1/2026	9/14/2025	COVID-19	0.685122116		0.685122116
6/4/2023	10/1/2022	10/1/2023	10/1/2023	10/1/2024	9/29/2024	9/28/2025	9/28/2025	10/4/2026	10/1/2026	9/14/2025	COVID-19	0.782996705		0.782996705
6/11/2023	10/1/2022	10/1/2023	10/1/2023	10/1/2024	9/29/2024	9/28/2025	9/28/2025	10/4/2026	10/1/2026	9/14/2025	COVID-19	0.978745881		0.978745881
6/18/2023	10/1/2022	10/1/2023	10/1/2023	10/1/2024	9/29/2024	9/28/2025	9/28/2025	10/4/2026	10/1/2026	9/14/2025	COVID-19	0.652497254		0.652497254
6/25/2023	10/1/2022	10/1/2023	10/1/2023	10/1/2024	9/29/2024	9/28/2025	9/28/2025	10/4/2026	10/1/2026	9/14/2025	COVID-19	0.815621567		0.815621567
7/2/2023	10/1/2022	10/1/2023	10/1/2023	10/1/2024	9/29/2024	9/28/2025	9/28/2025	10/4/2026	10/1/2026	9/14/2025	COVID-19	0.652497254		0.652497254
7/9/2023	10/1/2022	10/1/2023	10/1/2023	10/1/2024	9/29/2024	9/28/2025	9/28/2025	10/4/2026	10/1/2026	9/14/2025	COVID-19	1.174495057		1.174495057
7/16/2023	10/1/2022	10/1/2023	10/1/2023	10/1/2024	9/29/2024	9/28/2025	9/28/2025	10/4/2026	10/1/2026	9/14/2025	COVID-19	1.337619370		1.337619370
7/23/2023	10/1/2022	10/1/2023	10/1/2023	10/1/2024	9/29/2024	9/28/2025	9/28/2025	10/4/2026	10/1/2026	9/14/2025	COVID-19	1.174495057		1.174495057
7/30/2023	10/1/2022	10/1/2023	10/1/2023	10/1/2024	9/29/2024	9/28/2025	9/28/2025	10/4/2026	10/1/2026	9/14/2025	COVID-19	1.631243135		1.631243135
8/6/2023	10/1/2022	10/1/2023	10/1/2023	10/1/2024	9/29/2024	9/28/2025	9/28/2025	10/4/2026	10/1/2026	9/14/2025	COVID-19	2.022741487		2.022741487
8/13/2023	10/1/2022	10/1/2023	10/1/2023	10/1/2024	9/29/2024	9/28/2025	9/28/2025	10/4/2026	10/1/2026	9/14/2025	COVID-19	2.120616075		2.120616075
8/20/2023	10/1/2022	10/1/2023	10/1/2023	10/1/2024	9/29/2024	9/28/2025	9/28/2025	10/4/2026	10/1/2026	9/14/2025	COVID-19	2.544739290		2.544739290
8/27/2023	10/1/2022	10/1/2023	10/1/2023	10/1/2024	9/29/2024	9/28/2025	9/28/2025	10/4/2026	10/1/2026	9/14/2025	COVID-19	3.360360857		3.360360857
9/3/2023	10/1/2022	10/1/2023	10/1/2023	10/1/2024	9/29/2024	9/28/2025	9/28/2025	10/4/2026	10/1/2026	9/14/2025	COVID-19	3.523485171		3.523485171
9/10/2023	10/1/2022	10/1/2023	10/1/2023	10/1/2024	9/29/2024	9/28/2025	9/28/2025	10/4/2026	10/1/2026	9/14/2025	COVID-19	3.914983523		3.914983523
9/17/2023	10/1/2022	10/1/2023	10/1/2023	10/1/2024	9/29/2024	9/28/2025	9/28/2025	10/4/2026	10/1/2026	9/14/2025	COVID-19	4.665355365		4.665355365
9/24/2023	10/1/2022	10/1/2023	10/1/2023	10/1/2024	9/29/2024	9/28/2025	9/28/2025	10/4/2026	10/1/2026	9/14/2025	COVID-19	4.893729404		4.893729404
10/1/2023	10/1/2022	10/1/2023	10/1/2023	10/1/2024	9/29/2024	9/28/2025	9/28/2025	10/4/2026	10/1/2026	9/14/2025	COVID-19	4.306481875		4.306481875
10/8/2023	10/1/2022	10/1/2023	10/1/2023	10/1/2024	9/29/2024	9/28/2025	9/28/2025	10/4/2026	10/1/2026	9/14/2025	COVID-19	5.089478580		5.089478580
10/15/2023	10/1/2022	10/1/2023	10/1/2023	10/1/2024	9/29/2024	9/28/2025	9/28/2025	10/4/2026	10/1/2026	9/14/2025	COVID-19	5.578851520		5.578851520
10/22/2023	10/1/2022	10/1/2023	10/1/2023	10/1/2024	9/29/2024	9/28/2025	9/28/2025	10/4/2026	10/1/2026	9/14/2025	COVID-19	4.828479678		4.828479678
10/29/2023	10/1/2022	10/1/2023	10/1/2023	10/1/2024	9/29/2024	9/28/2025	9/28/2025	10/4/2026	10/1/2026	9/14/2025	COVID-19	4.600105639		4.600105639
11/5/2023	10/1/2022	10/1/2023	10/1/2023	10/1/2024	9/29/2024	9/28/2025	9/28/2025	10/4/2026	10/1/2026	9/14/2025	COVID-19	6.459722813		6.459722813
11/12/2023	10/1/2022	10/1/2023	10/1/2023	10/1/2024	9/29/2024	9/28/2025	9/28/2025	10/4/2026	10/1/2026	9/14/2025	COVID-19	5.970349872		5.970349872
11/19/2023	10/1/2022	10/1/2023	10/1/2023	10/1/2024	9/29/2024	9/28/2025	9/28/2025	10/4/2026	10/1/2026	9/14/2025	COVID-19	6.655471989		6.655471989
11/26/2023	10/1/2022	10/1/2023	10/1/2023	10/1/2024	9/29/2024	9/28/2025	9/28/2025	10/4/2026	10/1/2026	9/14/2025	COVID-19	7.960466496		7.960466496
12/3/2023	10/1/2022	10/1/2023	10/1/2023	10/1/2024	9/29/2024	9/28/2025	9/28/2025	10/4/2026	10/1/2026	9/14/2025	COVID-19	8.123590810		8.123590810
12/10/2023	10/1/2022	10/1/2023	10/1/2023	10/1/2024	9/29/2024	9/28/2025	9/28/2025	10/4/2026	10/1/2026	9/14/2025	COVID-19	8.254090261		8.254090261
12/17/2023	10/1/2022	10/1/2023	10/1/2023	10/1/2024	9/29/2024	9/28/2025	9/28/2025	10/4/2026	10/1/2026	9/14/2025	COVID-19	9.689584219		9.689584219
12/24/2023	10/1/2022	10/1/2023	10/1/2023	10/1/2024	9/29/2024	9/28/2025	9/28/2025	10/4/2026	10/1/2026	9/14/2025	COVID-19	10.342081473		10.342081473
12/31/2023	10/1/2022	10/1/2023	10/1/2023	10/1/2024	9/29/2024	9/28/2025	9/28/2025	10/4/2026	10/1/2026	9/14/2025	COVID-19	9.167586416		9.167586416
1/7/2024	10/1/2022	10/1/2023	10/1/2023	10/1/2024	9/29/2024	9/28/2025	9/28/2025	10/4/2026	10/1/2026	9/14/2025	COVID-19	8.645588613		8.645588613
1/14/2024	10/1/2022	10/1/2023	10/1/2023	10/1/2024	9/29/2024	9/28/2025	9/28/2025	10/4/2026	10/1/2026	9/14/2025	COVID-19	6.492347675		6.492347675
1/21/2024	10/1/2022	10/1/2023	10/1/2023	10/1/2024	9/29/2024	9/28/2025	9/28/2025	10/4/2026	10/1/2026	9/14/2025	COVID-19	6.361848225		6.361848225
1/28/2024	10/1/2022	10/1/2023	10/1/2023	10/1/2024	9/29/2024	9/28/2025	9/28/2025	10/4/2026	10/1/2026	9/14/2025	COVID-19	5.480976932		5.480976932
2/4/2024	10/1/2022	10/1/2023	10/1/2023	10/1/2024	9/29/2024	9/28/2025	9/28/2025	10/4/2026	10/1/2026	9/14/2025	COVID-19	4.991603992		4.991603992
2/11/2024	10/1/2022	10/1/2023	10/1/2023	10/1/2024	9/29/2024	9/28/2025	9/28/2025	10/4/2026	10/1/2026	9/14/2025	COVID-19	4.273857012		4.273857012
2/18/2024	10/1/2022	10/1/2023	10/1/2023	10/1/2024	9/29/2024	9/28/2025	9/28/2025	10/4/2026	10/1/2026	9/14/2025	COVID-19	3.392985720		3.392985720
2/25/2024	10/1/2022	10/1/2023	10/1/2023	10/1/2024	9/29/2024	9/28/2025	9/28/2025	10/4/2026	10/1/2026	9/14/2025	COVID-19	2.870987917		2.870987917
3/3/2024	10/1/2022	10/1/2023	10/1/2023	10/1/2024	9/29/2024	9/28/2025	9/28/2025	10/4/2026	10/1/2026	9/14/2025	COVID-19	2.577364153		2.577364153
3/10/2024	10/1/2022	10/1/2023	10/1/2023	10/1/2024	9/29/2024	9/28/2025	9/28/2025	10/4/2026	10/1/2026	9/14/2025	COVID-19	2.577364153		2.577364153
3/17/2024	10/1/2022	10/1/2023	10/1/2023	10/1/2024	9/29/2024	9/28/2025	9/28/2025	10/4/2026	10/1/2026	9/14/2025	COVID-19	2.087991212		2.087991212
3/24/2024	10/1/2022	10/1/2023	10/1/2023	10/1/2024	9/29/2024	9/28/2025	9/28/2025	10/4/2026	10/1/2026	9/14/2025	COVID-19	2.022741487		2.022741487
3/31/2024	10/1/2022	10/1/2023	10/1/2023	10/1/2024	9/29/2024	9/28/2025	9/28/2025	10/4/2026	10/1/2026	9/14/2025	COVID-19	1.402869096		1.402869096
4/7/2024	10/1/2022	10/1/2023	10/1/2023	10/1/2024	9/29/2024	9/28/2025	9/28/2025	10/4/2026	10/1/2026	9/14/2025	COVID-19	1.207119920		1.207119920
4/14/2024	10/1/2022	10/1/2023	10/1/2023	10/1/2024	9/29/2024	9/28/2025	9/28/2025	10/4/2026	10/1/2026	9/14/2025	COVID-19	1.207119920		1.207119920
4/21/2024	10/1/2022	10/1/2023	10/1/2023	10/1/2024	9/29/2024	9/28/2025	9/28/2025	10/4/2026	10/1/2026	9/14/2025	COVID-19	1.402869096		1.402869096
4/28/2024	10/1/2022	10/1/2023	10/1/2023	10/1/2024	9/29/2024	9/28/2025	9/28/2025	10/4/2026	10/1/2026	9/14/2025	COVID-19	1.076620469		1.076620469
5/5/2024	10/1/2022	10/1/2023	10/1/2023	10/1/2024	9/29/2024	9/28/2025	9/28/2025	10/4/2026	10/1/2026	9/14/2025	COVID-19	1.337619370		1.337619370
5/12/2024	10/1/2022	10/1/2023	10/1/2023	10/1/2024	9/29/2024	9/28/2025	9/28/2025	10/4/2026	10/1/2026	9/14/2025	COVID-19	1.500743684		1.500743684
5/19/2024	10/1/2022	10/1/2023	10/1/2023	10/1/2024	9/29/2024	9/28/2025	9/28/2025	10/4/2026	10/1/2026	9/14/2025	COVID-19	1.109245331		1.109245331
5/26/2024	10/1/2022	10/1/2023	10/1/2023	10/1/2024	9/29/2024	9/28/2025	9/28/2025	10/4/2026	10/1/2026	9/14/2025	COVID-19	1.663867997		1.663867997
6/2/2024	10/1/2022	10/1/2023	10/1/2023	10/1/2024	9/29/2024	9/28/2025	9/28/2025	10/4/2026	10/1/2026	9/14/2025	COVID-19	1.272369645		1.272369645
6/9/2024	10/1/2022	10/1/2023	10/1/2023	10/1/2024	9/29/2024	9/28/2025	9/28/2025	10/4/2026	10/1/2026	9/14/2025	COVID-19	1.924866899		1.924866899
6/16/2024	10/1/2022	10/1/2023	10/1/2023	10/1/2024	9/29/2024	9/28/2025	9/28/2025	10/4/2026	10/1/2026	9/14/2025	COVID-19	1.859617173		1.859617173
6/23/2024	10/1/2022	10/1/2023	10/1/2023	10/1/2024	9/29/2024	9/28/2025	9/28/2025	10/4/2026	10/1/2026	9/14/2025	COVID-19	2.936237642		2.936237642
6/30/2024	10/1/2022	10/1/2023	10/1/2023	10/1/2024	9/29/2024	9/28/2025	9/28/2025	10/4/2026	10/1/2026	9/14/2025	COVID-19	2.903612779		2.903612779
7/7/2024	10/1/2022	10/1/2023	10/1/2023	10/1/2024	9/29/2024	9/28/2025	9/28/2025	10/4/2026	10/1/2026	9/14/2025	COVID-19	3.686609484		3.686609484
7/14/2024	10/1/2022	10/1/2023	10/1/2023	10/1/2024	9/29/2024	9/28/2025	9/28/2025	10/4/2026	10/1/2026	9/14/2025	COVID-19	3.882358660		3.882358660
7/21/2024	10/1/2022	10/1/2023	10/1/2023	10/1/2024	9/29/2024	9/28/2025	9/28/2025	10/4/2026	10/1/2026	9/14/2025	COVID-19	4.045482974		4.045482974
7/28/2024	10/1/2022	10/1/2023	10/1/2023	10/1/2024	9/29/2024	9/28/2025	9/28/2025	10/4/2026	10/1/2026	9/14/2025	COVID-19	4.600105639		4.600105639
8/4/2024	10/1/2022	10/1/2023	10/1/2023	10/1/2024	9/29/2024	9/28/2025	9/28/2025	10/4/2026	10/1/2026	9/14/2025	COVID-19	4.763229953		4.763229953
8/11/2024	10/1/2022	10/1/2023	10/1/2023	10/1/2024	9/29/2024	9/28/2025	9/28/2025	10/4/2026	10/1/2026	9/14/2025	COVID-19	4.045482974		4.045482974
8/18/2024	10/1/2022	10/1/2023	10/1/2023	10/1/2024	9/29/2024	9/28/2025	9/28/2025	10/4/2026	10/1/2026	9/14/2025	COVID-19	4.273857012		4.273857012
8/25/2024	10/1/2022	10/1/2023	10/1/2023	10/1/2024	9/29/2024	9/28/2025	9/28/2025	10/4/2026	10/1/2026	9/14/2025	COVID-19	4.502231051		4.502231051
9/1/2024	10/1/2022	10/1/2023	10/1/2023	10/1/2024	9/29/2024	9/28/2025	9/28/2025	10/4/2026	10/1/2026	9/14/2025	COVID-19	4.436981326		4.436981326
9/8/2024	10/1/2022	10/1/2023	10/1/2023	10/1/2024	9/29/2024	9/28/2025	9/28/2025	10/4/2026	10/1/2026	9/14/2025	COVID-19	4.339106738		4.339106738
9/15/2024	10/1/2022	10/1/2023	10/1/2023	10/1/2024	9/29/2024	9/28/2025	9/28/2025	10/4/2026	10/1/2026	9/14/2025	COVID-19	4.339106738		4.339106738
9/22/2024	10/1/2022	10/1/2023	10/1/2023	10/1/2024	9/29/2024	9/28/2025	9/28/2025	10/4/2026	10/1/2026	9/14/2025	COVID-19	3.784484072		3.784484072
9/29/2024	10/1/2022	10/1/2023	10/1/2023	10/1/2024	9/29/2024	9/28/2025	9/28/2025	10/4/2026	10/1/2026	9/14/2025	COVID-19	2.675238741		2.675238741
10/6/2024	10/1/2022	10/1/2023	10/1/2023	10/1/2024	9/29/2024	9/28/2025	9/28/2025	10/4/2026	10/1/2026	9/14/2025	COVID-19	2.446864702		2.446864702
10/13/2024	10/1/2022	10/1/2023	10/1/2023	10/1/2024	9/29/2024	9/28/2025	9/28/2025	10/4/2026	10/1/2026	9/14/2025	COVID-19	2.414239839		2.414239839
10/20/2024	10/1/2022	10/1/2023	10/1/2023	10/1/2024	9/29/2024	9/28/2025	9/28/2025	10/4/2026	10/1/2026	9/14/2025	COVID-19	2.348990114		2.348990114
10/27/2024	10/1/2022	10/1/2023	10/1/2023	10/1/2024	9/29/2024	9/28/2025	9/28/2025	10/4/2026	10/1/2026	9/14/2025	COVID-19	1.957491761		1.957491761
11/3/2024	10/1/2022	10/1/2023	10/1/2023	10/1/2024	9/29/2024	9/28/2025	9/28/2025	10/4/2026	10/1/2026	9/14/2025	COVID-19	2.120616075		2.120616075
11/10/2024	10/1/2022	10/1/2023	10/1/2023	10/1/2024	9/29/2024	9/28/2025	9/28/2025	10/4/2026	10/1/2026	9/14/2025	COVID-19	1.565993409		1.565993409
11/17/2024	10/1/2022	10/1/2023	10/1/2023	10/1/2024	9/29/2024	9/28/2025	9/28/2025	10/4/2026	10/1/2026	9/14/2025	COVID-19	1.761742585		1.761742585
11/24/2024	10/1/2022	10/1/2023	10/1/2023	10/1/2024	9/29/2024	9/28/2025	9/28/2025	10/4/2026	10/1/2026	9/14/2025	COVID-19	1.990116624		1.990116624
12/1/2024	10/1/2022	10/1/2023	10/1/2023	10/1/2024	9/29/2024	9/28/2025	9/28/2025	10/4/2026	10/1/2026	9/14/2025	COVID-19	2.675238741		2.675238741
12/8/2024	10/1/2022	10/1/2023	10/1/2023	10/1/2024	9/29/2024	9/28/2025	9/28/2025	10/4/2026	10/1/2026	9/14/2025	COVID-19	3.262486269		3.262486269
12/15/2024	10/1/2022	10/1/2023	10/1/2023	10/1/2024	9/29/2024	9/28/2025	9/28/2025	10/4/2026	10/1/2026	9/14/2025	COVID-19	3.686609484		3.686609484
12/22/2024	10/1/2022	10/1/2023	10/1/2023	10/1/2024	9/29/2024	9/28/2025	9/28/2025	10/4/2026	10/1/2026	9/14/2025	COVID-19	4.958979129		4.958979129
12/29/2024	10/1/2022	10/1/2023	10/1/2023	10/1/2024	9/29/2024	9/28/2025	9/28/2025	10/4/2026	10/1/2026	9/14/2025	COVID-19	6.035599598		6.035599598
1/5/2025	10/1/2022	10/1/2023	10/1/2023	10/1/2024	9/29/2024	9/28/2025	9/28/2025	10/4/2026	10/1/2026	9/14/2025	COVID-19	5.448352069		5.448352069
1/12/2025	10/1/2022	10/1/2023	10/1/2023	10/1/2024	9/29/2024	9/28/2025	9/28/2025	10/4/2026	10/1/2026	9/14/2025	COVID-19	4.404356463		4.404356463
1/19/2025	10/1/2022	10/1/2023	10/1/2023	10/1/2024	9/29/2024	9/28/2025	9/28/2025	10/4/2026	10/1/2026	9/14/2025	COVID-19	4.012858111		4.012858111
1/26/2025	10/1/2022	10/1/2023	10/1/2023	10/1/2024	9/29/2024	9/28/2025	9/28/2025	10/4/2026	10/1/2026	9/14/2025	COVID-19	3.458235445		3.458235445
2/2/2025	10/1/2022	10/1/2023	10/1/2023	10/1/2024	9/29/2024	9/28/2025	9/28/2025	10/4/2026	10/1/2026	9/14/2025	COVID-19	2.414239839		2.414239839
2/9/2025	10/1/2022	10/1/2023	10/1/2023	10/1/2024	9/29/2024	9/28/2025	9/28/2025	10/4/2026	10/1/2026	9/14/2025	COVID-19	2.316365251		2.316365251
2/16/2025	10/1/2022	10/1/2023	10/1/2023	10/1/2024	9/29/2024	9/28/2025	9/28/2025	10/4/2026	10/1/2026	9/14/2025	COVID-19	2.153240938		2.153240938
2/23/2025	10/1/2022	10/1/2023	10/1/2023	10/1/2024	9/29/2024	9/28/2025	9/28/2025	10/4/2026	10/1/2026	9/14/2025	COVID-19	1.957491761		1.957491761
3/2/2025	10/1/2022	10/1/2023	10/1/2023	10/1/2024	9/29/2024	9/28/2025	9/28/2025	10/4/2026	10/1/2026	9/14/2025	COVID-19	2.120616075		2.120616075
3/9/2025	10/1/2022	10/1/2023	10/1/2023	10/1/2024	9/29/2024	9/28/2025	9/28/2025	10/4/2026	10/1/2026	9/14/2025	COVID-19	2.283740388		2.283740388
3/16/2025	10/1/2022	10/1/2023	10/1/2023	10/1/2024	9/29/2024	9/28/2025	9/28/2025	10/4/2026	10/1/2026	9/14/2025	COVID-19	1.468118821		1.468118821
3/23/2025	10/1/2022	10/1/2023	10/1/2023	10/1/2024	9/29/2024	9/28/2025	9/28/2025	10/4/2026	10/1/2026	9/14/2025	COVID-19	1.892242036		1.892242036
3/30/2025	10/1/2022	10/1/2023	10/1/2023	10/1/2024	9/29/2024	9/28/2025	9/28/2025	10/4/2026	10/1/2026	9/14/2025	COVID-19	1.859617173		1.859617173
4/6/2025	10/1/2022	10/1/2023	10/1/2023	10/1/2024	9/29/2024	9/28/2025	9/28/2025	10/4/2026	10/1/2026	9/14/2025	COVID-19	1.631243135		1.631243135
4/13/2025	10/1/2022	10/1/2023	10/1/2023	10/1/2024	9/29/2024	9/28/2025	9/28/2025	10/4/2026	10/1/2026	9/14/2025	COVID-19	1.533368546		1.533368546
4/20/2025	10/1/2022	10/1/2023	10/1/2023	10/1/2024	9/29/2024	9/28/2025	9/28/2025	10/4/2026	10/1/2026	9/14/2025	COVID-19	1.337619370		1.337619370
4/27/2025	10/1/2022	10/1/2023	10/1/2023	10/1/2024	9/29/2024	9/28/2025	9/28/2025	10/4/2026	10/1/2026	9/14/2025	COVID-19	1.304994508		1.304994508
5/4/2025	10/1/2022	10/1/2023	10/1/2023	10/1/2024	9/29/2024	9/28/2025	9/28/2025	10/4/2026	10/1/2026	9/14/2025	COVID-19	1.565993409		1.565993409
5/11/2025	10/1/2022	10/1/2023	10/1/2023	10/1/2024	9/29/2024	9/28/2025	9/28/2025	10/4/2026	10/1/2026	9/14/2025	COVID-19	1.239744782		1.239744782
5/18/2025	10/1/2022	10/1/2023	10/1/2023	10/1/2024	9/29/2024	9/28/2025	9/28/2025	10/4/2026	10/1/2026	9/14/2025	COVID-19	0.848246430		0.848246430
5/25/2025	10/1/2022	10/1/2023	10/1/2023	10/1/2024	9/29/2024	9/28/2025	9/28/2025	10/4/2026	10/1/2026	9/14/2025	COVID-19	0.848246430		0.848246430
6/1/2025	10/1/2022	10/1/2023	10/1/2023	10/1/2024	9/29/2024	9/28/2025	9/28/2025	10/4/2026	10/1/2026	9/14/2025	COVID-19	0.880871293		0.880871293
6/8/2025	10/1/2022	10/1/2023	10/1/2023	10/1/2024	9/29/2024	9/28/2025	9/28/2025	10/4/2026	10/1/2026	9/14/2025	COVID-19	0.391498352		0.391498352
6/15/2025	10/1/2022	10/1/2023	10/1/2023	10/1/2024	9/29/2024	9/28/2025	9/28/2025	10/4/2026	10/1/2026	9/14/2025	COVID-19	0.521997803		0.521997803
6/22/2025	10/1/2022	10/1/2023	10/1/2023	10/1/2024	9/29/2024	9/28/2025	9/28/2025	10/4/2026	10/1/2026	9/14/2025	COVID-19	0.685122116		0.685122116
6/29/2025	10/1/2022	10/1/2023	10/1/2023	10/1/2024	9/29/2024	9/28/2025	9/28/2025	10/4/2026	10/1/2026	9/14/2025	COVID-19	0.717746979		0.717746979
7/6/2025	10/1/2022	10/1/2023	10/1/2023	10/1/2024	9/29/2024	9/28/2025	9/28/2025	10/4/2026	10/1/2026	9/14/2025	COVID-19	0.554622666		0.554622666
7/13/2025	10/1/2022	10/1/2023	10/1/2023	10/1/2024	9/29/2024	9/28/2025	9/28/2025	10/4/2026	10/1/2026	9/14/2025	COVID-19	0.456748078		0.456748078
7/20/2025	10/1/2022	10/1/2023	10/1/2023	10/1/2024	9/29/2024	9/28/2025	9/28/2025	10/4/2026	10/1/2026	9/14/2025	COVID-19	0.913496155		0.913496155
7/27/2025	10/1/2022	10/1/2023	10/1/2023	10/1/2024	9/29/2024	9/28/2025	9/28/2025	10/4/2026	10/1/2026	9/14/2025	COVID-19	0.782996705		0.782996705
8/3/2025	10/1/2022	10/1/2023	10/1/2023	10/1/2024	9/29/2024	9/28/2025	9/28/2025	10/4/2026	10/1/2026	9/14/2025	COVID-19	1.076620469		1.076620469
8/10/2025	10/1/2022	10/1/2023	10/1/2023	10/1/2024	9/29/2024	9/28/2025	9/28/2025	10/4/2026	10/1/2026	9/14/2025	COVID-19	1.076620469		1.076620469
8/17/2025	10/1/2022	10/1/2023	10/1/2023	10/1/2024	9/29/2024	9/28/2025	9/28/2025	10/4/2026	10/1/2026	9/14/2025	COVID-19	1.598618272		1.598618272
8/24/2025	10/1/2022	10/1/2023	10/1/2023	10/1/2024	9/29/2024	9/28/2025	9/28/2025	10/4/2026	10/1/2026	9/14/2025	COVID-19	1.924866899		1.924866899
8/31/2025	10/1/2022	10/1/2023	10/1/2023	10/1/2024	9/29/2024	9/28/2025	9/28/2025	10/4/2026	10/1/2026	9/14/2025	COVID-19	1.957491761		1.957491761
9/7/2025	10/1/2022	10/1/2023	10/1/2023	10/1/2024	9/29/2024	9/28/2025	9/28/2025	10/4/2026	10/1/2026	9/14/2025	COVID-19	1.990116624		1.990116624
9/14/2025	10/1/2022	10/1/2023	10/1/2023	10/1/2024	9/29/2024	9/28/2025	9/28/2025	10/4/2026	10/1/2026	9/14/2025	COVID-19	2.055366349		2.055366349
9/21/2025	10/1/2022	10/1/2023	10/1/2023	10/1/2024	9/29/2024	9/28/2025	9/28/2025	10/4/2026	10/1/2026	9/14/2025	COVID-19	1.468118821		1.468118821
9/28/2025	10/1/2022	10/1/2023	10/1/2023	10/1/2024	9/29/2024	9/28/2025	9/28/2025	10/4/2026	10/1/2026	9/14/2025	COVID-19	0.815621567		0.815621567
