OBJECTID,Land_Use,Land_Use_Code,RuleID,Shape__Area,Shape__Length
1,Community Mixed Use,CM3,3,1536807.453125,8634.62763045838
2,Community Mixed Use,CM3,3,850656.78125,6698.32416361659
3,Community Mixed Use,CM3,3,843809.89453125,8203.08565409064
4,Community Mixed Use,CM3,3,776923.57421875,8416.14620752293
5,Community Mixed Use,CM3,3,677626.32421875,5310.06040597176
6,Community Mixed Use,CM3,3,633355.91796875,5267.33741483071
7,Community Mixed Use,CM3,3,494906.52734375,3707.05633002547
8,Community Mixed Use,CM3,3,492788.9921875,5845.59971930719
9,Community Mixed Use,CM3,3,483814.23828125,4274.98645986329
10,Community Mixed Use,CM3,3,370709.6875,4992.51307038807
11,Community Mixed Use,CM3,3,302487.69140625,2532.65926213914
12,Community Mixed Use,CM3,3,294485.95703125,5811.03161597411
13,Community Mixed Use,CM3,3,202323.51171875,2985.8503628254
14,Community Mixed Use,CM3,3,184093.79296875,4516.42721245735
15,Community Mixed Use,CM3,3,173810.62890625,2181.199824994
16,Community Mixed Use,CM3,3,168502.6328125,2827.18732774392
17,Community Mixed Use,CM3,3,157785.38671875,2325.53661714085
18,Community Mixed Use,CM3,3,114988.34765625,1546.5096619313
19,Community Mixed Use,CM3,3,114481.4609375,1539.49890443596
20,Community Mixed Use,CM3,3,90895.89453125,2113.69079217598
21,Community Mixed Use,CM3,3,86161.06640625,2122.55232242851
22,Community Mixed Use,CM3,3,77585.57421875,2169.7415113639
23,Community Mixed Use,CM3,3,71642.83203125,1306.91074735371
24,Community Mixed Use,CM3,3,67880.3671875,1447.1950774847
25,Community Mixed Use,CM3,3,66271.8515625,1497.78981598239
26,Community Mixed Use,CM3,3,51391.3359375,1189.57043250911
27,Community Mixed Use,CM3,3,50180.6484375,1206.36719596587
28,Community Mixed Use,CM3,3,45633.27734375,916.331856389318
29,Community Mixed Use,CM3,3,37029.671875,973.870290537719
30,Community Mixed Use,CM3,3,35978.515625,761.09968392367
31,Community Mixed Use,CM3,3,25280.1015625,663.575010638095
32,Community Mixed Use,CM3,3,23443.57421875,864.652441075504
33,Community Mixed Use,CM3,3,17396.59765625,1082.04439498998
34,Community Mixed Use,CM3,3,12076.68359375,758.356216388733
35,Community Mixed Use,CM3,3,11058.1328125,669.802089729314
36,Community Mixed Use,CM3,3,8812.21875,433.987988700618
37,Community Mixed Use,CM3,3,6539.0234375,327.483803805015
38,Community Mixed Use,CM3,3,4972.19140625,295.557754962399
39,Community Mixed Use,CM3,3,4189.4453125,265.317547605686
40,Community Mixed Use,CM3,3,3916.609375,327.357473204484
41,Community Mixed Use,CM3,3,1453.26171875,202.994655722557
42,Community Mixed Use,CM3,3,920.46875,119.934829754552
43,Corridor Mixed Use,CM2,2,2556358.35546875,19138.6853446633
44,Corridor Mixed Use,CM2,2,706376.37890625,11135.6371323826
45,Corridor Mixed Use,CM2,2,663659.5859375,8047.49808076274
46,Corridor Mixed Use,CM2,2,656120.82421875,7155.84388750263
47,Corridor Mixed Use,CM2,2,647492.66796875,5144.04333621528
48,Corridor Mixed Use,CM2,2,641141.33203125,3715.79629747866
49,Corridor Mixed Use,CM2,2,591796.69921875,7758.6606420991
50,Corridor Mixed Use,CM2,2,480396.41796875,6769.95813510775
51,Corridor Mixed Use,CM2,2,465065.09375,6464.78017642614
52,Corridor Mixed Use,CM2,2,463418.69921875,6539.10394669413
53,Corridor Mixed Use,CM2,2,400445.3203125,4037.81865272736
54,Corridor Mixed Use,CM2,2,343151.9609375,5112.87157882235
55,Corridor Mixed Use,CM2,2,333513.515625,4456.83444294802
56,Corridor Mixed Use,CM2,2,310231.11328125,4418.74174538153
57,Corridor Mixed Use,CM2,2,294473.171875,3248.91417408199
58,Corridor Mixed Use,CM2,2,289251.515625,4795.26154630534
59,Corridor Mixed Use,CM2,2,273756.0546875,4003.87953374248
60,Corridor Mixed Use,CM2,2,242311.41796875,4210.08837745336
61,Corridor Mixed Use,CM2,2,214318.76953125,2032.53538226111
62,Corridor Mixed Use,CM2,2,202714.1015625,2513.17753618644
63,Corridor Mixed Use,CM2,2,185990.15625,2869.09119695826
64,Corridor Mixed Use,CM2,2,164331.84375,2329.98178492625
65,Corridor Mixed Use,CM2,2,157939.5703125,2565.46888043201
66,Corridor Mixed Use,CM2,2,147877.05078125,2180.93655717075
67,Corridor Mixed Use,CM2,2,130490.5703125,2143.7072847948
68,Corridor Mixed Use,CM2,2,123518.30859375,2452.8829576375
69,Corridor Mixed Use,CM2,2,114811.70703125,1853.22674913733
70,Corridor Mixed Use,CM2,2,114053.48828125,1451.52215884859
71,Corridor Mixed Use,CM2,2,103896.9296875,1811.16424266958
72,Corridor Mixed Use,CM2,2,83222.4765625,1469.52284450425
73,Corridor Mixed Use,CM2,2,81362.14453125,1805.83990555218
74,Corridor Mixed Use,CM2,2,77116.078125,1355.69903206003
75,Corridor Mixed Use,CM2,2,76416.91796875,1130.03127852715
76,Corridor Mixed Use,CM2,2,71196.59375,1692.60726561765
77,Corridor Mixed Use,CM2,2,70027.1484375,1197.17428986137
78,Corridor Mixed Use,CM2,2,69009.77734375,1280.99165566858
79,Corridor Mixed Use,CM2,2,66650.98046875,1204.31468029834
80,Corridor Mixed Use,CM2,2,64465.84375,1116.05415529261
81,Corridor Mixed Use,CM2,2,61554.2265625,1176.62330789898
82,Corridor Mixed Use,CM2,2,59656.7421875,1203.5716820233
83,Corridor Mixed Use,CM2,2,56906.34375,1460.54705875827
84,Corridor Mixed Use,CM2,2,52218.09765625,1065.59118565828
85,Corridor Mixed Use,CM2,2,51769.61328125,987.649019906618
86,Corridor Mixed Use,CM2,2,51632.515625,1002.09485095322
87,Corridor Mixed Use,CM2,2,50190.27734375,1092.75723256469
88,Corridor Mixed Use,CM2,2,49920.69921875,984.715174071396
89,Corridor Mixed Use,CM2,2,48186.8125,1151.181545148
90,Corridor Mixed Use,CM2,2,47778.24609375,1377.34483186131
91,Corridor Mixed Use,CM2,2,47620.62890625,921.796732086768
92,Corridor Mixed Use,CM2,2,46214.984375,997.082687927047
93,Corridor Mixed Use,CM2,2,45713.296875,1084.91648616738
94,Corridor Mixed Use,CM2,2,44780.27734375,901.196330833518
95,Corridor Mixed Use,CM2,2,44693.1328125,991.901015514398
96,Corridor Mixed Use,CM2,2,40829.21875,863.421039782521
97,Corridor Mixed Use,CM2,2,40074.61328125,829.264428211826
98,Corridor Mixed Use,CM2,2,39831.78515625,851.31973589504
99,Corridor Mixed Use,CM2,2,39517.92578125,1059.94621271206
100,Corridor Mixed Use,CM2,2,39098.5703125,850.052453047699
101,Corridor Mixed Use,CM2,2,38242.35546875,1066.94718882708
102,Corridor Mixed Use,CM2,2,37980.08984375,1244.28895158024
103,Corridor Mixed Use,CM2,2,34373.59375,772.928859344571
104,Corridor Mixed Use,CM2,2,33058.44921875,1053.83335743585
105,Corridor Mixed Use,CM2,2,32478.83984375,820.814088577241
106,Corridor Mixed Use,CM2,2,30809.80078125,891.110353026165
107,Corridor Mixed Use,CM2,2,28580.41796875,709.062415121676
108,Corridor Mixed Use,CM2,2,28091.87109375,768.278789924249
109,Corridor Mixed Use,CM2,2,26234.88671875,667.526449583917
110,Corridor Mixed Use,CM2,2,25588.265625,693.76222953422
111,Corridor Mixed Use,CM2,2,24961.32421875,741.65583160903
112,Corridor Mixed Use,CM2,2,24426.39453125,855.64401821624
113,Corridor Mixed Use,CM2,2,22426.86328125,841.201971775062
114,Corridor Mixed Use,CM2,2,22206.41796875,596.584379668768
115,Corridor Mixed Use,CM2,2,20454.0546875,728.829094623742
116,Corridor Mixed Use,CM2,2,20379.4296875,655.747669730808
117,Corridor Mixed Use,CM2,2,20030.23046875,582.773953619847
118,Corridor Mixed Use,CM2,2,18521.50390625,624.449078184068
119,Corridor Mixed Use,CM2,2,18015.78515625,1015.0904109752
120,Corridor Mixed Use,CM2,2,17415.6796875,689.208933057565
121,Corridor Mixed Use,CM2,2,17348.4453125,561.210600010623
122,Corridor Mixed Use,CM2,2,15666.09375,644.816599549981
123,Corridor Mixed Use,CM2,2,15431.31640625,580.304794920395
124,Corridor Mixed Use,CM2,2,14303.99609375,535.888994766737
125,Corridor Mixed Use,CM2,2,13934.42578125,517.57733026029
126,Corridor Mixed Use,CM2,2,13454.10546875,522.961314896311
127,Corridor Mixed Use,CM2,2,13187.54296875,511.353563183467
128,Corridor Mixed Use,CM2,2,12709.3125,463.828212142974
129,Corridor Mixed Use,CM2,2,11264.6640625,517.813712170763
130,Corridor Mixed Use,CM2,2,11027.109375,520.83622612363
131,Corridor Mixed Use,CM2,2,10172.09765625,414.837836065667
132,Corridor Mixed Use,CM2,2,9462.9140625,442.144640647515
133,Corridor Mixed Use,CM2,2,9045.48046875,446.544203477697
134,Corridor Mixed Use,CM2,2,8724.2578125,540.462652829474
135,Corridor Mixed Use,CM2,2,8709.17578125,505.633920959226
136,Corridor Mixed Use,CM2,2,8700.47265625,391.883288446078
137,Corridor Mixed Use,CM2,2,8565.32421875,448.108909026185
138,Corridor Mixed Use,CM2,2,8103.76171875,497.647985527169
139,Corridor Mixed Use,CM2,2,7836.328125,441.795337470623
140,Corridor Mixed Use,CM2,2,7669.8203125,430.609642380352
141,Corridor Mixed Use,CM2,2,7151.2890625,341.280464905824
142,Corridor Mixed Use,CM2,2,6946.37109375,400.668477980671
143,Corridor Mixed Use,CM2,2,6521.91015625,324.750623718244
144,Corridor Mixed Use,CM2,2,6461.50390625,343.170077680038
145,Corridor Mixed Use,CM2,2,6401.40625,321.572502797829
146,Corridor Mixed Use,CM2,2,5992.8125,310.484379164665
147,Corridor Mixed Use,CM2,2,5527.625,297.71702077331
148,Corridor Mixed Use,CM2,2,5425.80859375,377.021635527793
149,Corridor Mixed Use,CM2,2,4528.23046875,269.412397341838
150,Corridor Mixed Use,CM2,2,4398.76171875,265.637851708095
151,Corridor Mixed Use,CM2,2,4055.10546875,258.382264577977
152,Corridor Mixed Use,CM2,2,3806.765625,250.584333616478
153,Corridor Mixed Use,CM2,2,3718.59765625,247.621917101869
154,Corridor Mixed Use,CM2,2,3623.6796875,249.563190321551
155,Corridor Mixed Use,CM2,2,3513.6875,243.57011607897
156,Corridor Mixed Use,CM2,2,3480.99609375,240.384974660941
157,Corridor Mixed Use,CM2,2,3427.27734375,239.597131888928
158,Corridor Mixed Use,CM2,2,2922.23828125,244.625040249852
159,Corridor Mixed Use,CM2,2,2902.0078125,221.810427478199
160,Corridor Mixed Use,CM2,2,2638.9140625,208.736909356992
161,Corridor Mixed Use,CM2,2,2409.07421875,206.654365328755
162,Corridor Mixed Use,CM2,2,2364.77734375,209.06941722292
163,Corridor Mixed Use,CM2,2,2285.98046875,207.007179783857
164,Corridor Mixed Use,CM2,2,2283.59765625,207.45370845666
165,Corridor Mixed Use,CM2,2,2244.75390625,205.797567355838
166,Corridor Mixed Use,CM2,2,2178.46484375,203.825590121517
167,Corridor Mixed Use,CM2,2,2165.12890625,204.444862517014
168,Corridor Mixed Use,CM2,2,2069.43359375,202.052427662165
169,Corridor Mixed Use,CM2,2,1546.83984375,161.332285975044
170,Corridor Mixed Use,CM2,2,1517.9609375,155.99019782997
171,Corridor Mixed Use,CM2,2,1263.84765625,178.428319300857
172,Destination Mixed Use,CM4,4,313782.5078125,2488.14019143621
173,Destination Mixed Use,CM4,4,160710.72265625,3263.33937624392
174,Destination Mixed Use,CM4,4,150318.98046875,1954.56759007691
175,Destination Mixed Use,CM4,4,139183.65234375,1702.0191080837
176,Destination Mixed Use,CM4,4,130978.3359375,1898.10058824639
177,Destination Mixed Use,CM4,4,93116.796875,2296.14354416403
178,Destination Mixed Use,CM4,4,84618.69921875,1971.026659792
179,Destination Mixed Use,CM4,4,69940.22265625,1155.40099798224
180,Destination Mixed Use,CM4,4,69043.1484375,1471.01591309406
181,Destination Mixed Use,CM4,4,64267.1015625,1183.6013286204
182,Destination Mixed Use,CM4,4,41921.98046875,1249.84896738925
183,Destination Mixed Use,CM4,4,41747.8203125,987.722543575651
184,Destination Mixed Use,CM4,4,32197.25,1392.36801841706
185,Destination Mixed Use,CM4,4,29458.45703125,812.770805753649
186,Destination Mixed Use,CM4,4,27326.1171875,710.97439332991
187,Destination Mixed Use,CM4,4,25751.875,664.571551042666
188,Downtown Center,DT1,5,1920084.49609375,10579.1687422718
189,Downtown Center,DT1,5,1806319.08984375,9250.71963398995
190,Downtown Center,DT1,5,1527053.13671875,7007.47901823014
191,Downtown Center,DT1,5,1065959.796875,10612.27409901
192,Downtown Center,DT1,5,683658.19140625,3769.58729433654
193,Downtown Center,DT1,5,320095.86328125,3320.59876847477
194,Downtown Center,DT1,5,199273.66015625,2557.37606808396
195,Downtown Center,DT1,5,85087.0390625,1548.4821677208
196,Downtown Center,DT1,5,70774.33984375,1231.4876712912
197,Downtown Center,DT1,5,65769.28515625,1316.22541751645
198,Downtown Center,DT1,5,49050.12109375,901.018127331087
199,Downtown Center,DT1,5,6491.265625,322.309487788643
200,Downtown Center,DT1,5,3761.921875,250.677746651325
201,Downtown Center,DT1,5,1048.38671875,155.588694339775
202,Downtown Center,DT1,5,674.35546875,127.005647949652
203,Downtown Destination,DT2,6,2531928.234375,28465.8167542593
204,Downtown Destination,DT2,6,205901.63671875,2826.61025509275
205,Neighborhood Mixed Use,CM1,1,407901.59765625,2928.13194011736
206,Neighborhood Mixed Use,CM1,1,200440.0859375,3108.95870818046
207,Neighborhood Mixed Use,CM1,1,118165.37109375,2196.73864309309
208,Neighborhood Mixed Use,CM1,1,116072.69140625,2520.26386922588
209,Neighborhood Mixed Use,CM1,1,93644.68359375,2374.19774701051
210,Neighborhood Mixed Use,CM1,1,70664.5,1439.63267797561
211,Neighborhood Mixed Use,CM1,1,69409.05078125,1878.84531293817
212,Neighborhood Mixed Use,CM1,1,60064.97265625,1382.46968893619
213,Neighborhood Mixed Use,CM1,1,50685.703125,1009.63573352139
214,Neighborhood Mixed Use,CM1,1,49192.04296875,998.434946545732
215,Neighborhood Mixed Use,CM1,1,41070.48828125,947.967984475692
216,Neighborhood Mixed Use,CM1,1,33367.4609375,926.590566942331
217,Neighborhood Mixed Use,CM1,1,29776.94140625,710.593335719803
218,Neighborhood Mixed Use,CM1,1,24364.83203125,723.918590191105
219,Neighborhood Mixed Use,CM1,1,22382.88671875,812.003814630886
220,Neighborhood Mixed Use,CM1,1,21754.26171875,698.396176904887
221,Neighborhood Mixed Use,CM1,1,20730.1328125,864.272586495954
222,Neighborhood Mixed Use,CM1,1,20569.0703125,857.69244115431
223,Neighborhood Mixed Use,CM1,1,19071.9921875,584.024547248013
224,Neighborhood Mixed Use,CM1,1,18666.87890625,618.656293122161
225,Neighborhood Mixed Use,CM1,1,18384.640625,676.228795238064
226,Neighborhood Mixed Use,CM1,1,18339.046875,603.737217254295
227,Neighborhood Mixed Use,CM1,1,17820.46875,587.572434163802
228,Neighborhood Mixed Use,CM1,1,16863.4375,660.995636839339
229,Neighborhood Mixed Use,CM1,1,16663.203125,615.596507463293
230,Neighborhood Mixed Use,CM1,1,16114.48046875,619.488381114016
231,Neighborhood Mixed Use,CM1,1,15911.3046875,648.023059017415
232,Neighborhood Mixed Use,CM1,1,15877.35546875,713.01043878105
233,Neighborhood Mixed Use,CM1,1,15600.62890625,534.487693272222
234,Neighborhood Mixed Use,CM1,1,15254.8828125,496.999061409108
235,Neighborhood Mixed Use,CM1,1,14323.296875,640.996726857515
236,Neighborhood Mixed Use,CM1,1,14177.3984375,523.290793642812
237,Neighborhood Mixed Use,CM1,1,14113.68359375,727.287643537495
238,Neighborhood Mixed Use,CM1,1,12697.7890625,512.02394418262
239,Neighborhood Mixed Use,CM1,1,12170.9609375,615.155169742751
240,Neighborhood Mixed Use,CM1,1,12134.05078125,498.235512288166
241,Neighborhood Mixed Use,CM1,1,11685.14453125,465.833134544242
242,Neighborhood Mixed Use,CM1,1,11702.55078125,450.420315094489
243,Neighborhood Mixed Use,CM1,1,11347.2890625,559.786665818729
244,Neighborhood Mixed Use,CM1,1,10191.3359375,509.03268693962
245,Neighborhood Mixed Use,CM1,1,10174.28515625,477.229083834655
246,Neighborhood Mixed Use,CM1,1,10067.62890625,579.465935759015
247,Neighborhood Mixed Use,CM1,1,9937.48046875,470.743963065718
248,Neighborhood Mixed Use,CM1,1,9787.10546875,451.72627527202
249,Neighborhood Mixed Use,CM1,1,9467.234375,484.621589205207
250,Neighborhood Mixed Use,CM1,1,9119.57421875,476.02763328636
251,Neighborhood Mixed Use,CM1,1,8750.80859375,400.150559801334
252,Neighborhood Mixed Use,CM1,1,8711.06640625,426.872340195605
253,Neighborhood Mixed Use,CM1,1,8509.73828125,410.183220907293
254,Neighborhood Mixed Use,CM1,1,8271.53125,379.91703501896
255,Neighborhood Mixed Use,CM1,1,8214.375,392.951656046439
256,Neighborhood Mixed Use,CM1,1,7798.83203125,443.25286123957
257,Neighborhood Mixed Use,CM1,1,7789.1015625,363.227510256978
258,Neighborhood Mixed Use,CM1,1,7694.1015625,403.644705966526
259,Neighborhood Mixed Use,CM1,1,7393.90234375,350.910616143767
260,Neighborhood Mixed Use,CM1,1,7212.1328125,434.82388482118
261,Neighborhood Mixed Use,CM1,1,7137.203125,355.953122491945
262,Neighborhood Mixed Use,CM1,1,7054.1640625,383.059471628481
263,Neighborhood Mixed Use,CM1,1,6952.73046875,408.233908990542
264,Neighborhood Mixed Use,CM1,1,6847.9921875,332.154640934607
265,Neighborhood Mixed Use,CM1,1,6533.74609375,323.16878846452
266,Neighborhood Mixed Use,CM1,1,6479.3515625,325.032437654
267,Neighborhood Mixed Use,CM1,1,6340.38671875,373.233404560307
268,Neighborhood Mixed Use,CM1,1,6060.31640625,402.745758358934
269,Neighborhood Mixed Use,CM1,1,6053.41796875,312.963628937251
270,Neighborhood Mixed Use,CM1,1,5758.53515625,394.43531896165
271,Neighborhood Mixed Use,CM1,1,5759.95703125,304.207874055852
272,Neighborhood Mixed Use,CM1,1,5486.19921875,381.554987269741
273,Neighborhood Mixed Use,CM1,1,5428.609375,294.610889580879
274,Neighborhood Mixed Use,CM1,1,5373.375,294.447463481065
275,Neighborhood Mixed Use,CM1,1,5352.44140625,333.505028539454
276,Neighborhood Mixed Use,CM1,1,5304.515625,358.683055301434
277,Neighborhood Mixed Use,CM1,1,5304.8984375,293.835900762655
278,Neighborhood Mixed Use,CM1,1,5244.3046875,391.188916694977
279,Neighborhood Mixed Use,CM1,1,5162.8828125,293.589875036679
280,Neighborhood Mixed Use,CM1,1,5126.23828125,285.844627608615
281,Neighborhood Mixed Use,CM1,1,5075.08984375,383.954401143664
282,Neighborhood Mixed Use,CM1,1,4977.0078125,294.375178072413
283,Neighborhood Mixed Use,CM1,1,4982.8984375,294.231579934669
284,Neighborhood Mixed Use,CM1,1,4916.90625,356.171793734447
285,Neighborhood Mixed Use,CM1,1,4851.15625,313.500663374871
286,Neighborhood Mixed Use,CM1,1,4840.6328125,278.565269139607
287,Neighborhood Mixed Use,CM1,1,4831.46484375,278.184462447227
288,Neighborhood Mixed Use,CM1,1,4747.43359375,281.837934398411
289,Neighborhood Mixed Use,CM1,1,4674.796875,290.435691553184
290,Neighborhood Mixed Use,CM1,1,4646.91796875,273.277711880631
291,Neighborhood Mixed Use,CM1,1,4645.49609375,297.46200622889
292,Neighborhood Mixed Use,CM1,1,4560.12109375,277.373347206496
293,Neighborhood Mixed Use,CM1,1,4489.609375,275.929775526939
294,Neighborhood Mixed Use,CM1,1,4434.12890625,266.91674265133
295,Neighborhood Mixed Use,CM1,1,4340.95703125,265.005134718565
296,Neighborhood Mixed Use,CM1,1,4216.92578125,261.051464320243
297,Neighborhood Mixed Use,CM1,1,4039.796875,256.37728053382
298,Neighborhood Mixed Use,CM1,1,4040.70703125,256.472998689356
299,Neighborhood Mixed Use,CM1,1,3925.98828125,341.422733879127
300,Neighborhood Mixed Use,CM1,1,3762.66796875,247.714094225762
301,Neighborhood Mixed Use,CM1,1,3736.8359375,247.060651878543
302,Neighborhood Mixed Use,CM1,1,3713.1328125,246.129960161648
303,Neighborhood Mixed Use,CM1,1,3693.80078125,246.449457899352
304,Neighborhood Mixed Use,CM1,1,3646.90625,244.70454427509
305,Neighborhood Mixed Use,CM1,1,3615.9140625,242.840297508709
306,Neighborhood Mixed Use,CM1,1,3545.96484375,243.281068534244
307,Neighborhood Mixed Use,CM1,1,3503.21484375,240.573551652562
308,Neighborhood Mixed Use,CM1,1,3493.67578125,240.946195856846
309,Neighborhood Mixed Use,CM1,1,3395.16015625,315.717033426906
310,Neighborhood Mixed Use,CM1,1,3389.09765625,236.937393549256
311,Neighborhood Mixed Use,CM1,1,3327.375,236.024632015595
312,Neighborhood Mixed Use,CM1,1,3289.359375,234.52107011685
313,Neighborhood Mixed Use,CM1,1,3286.3125,231.898510445785
314,Neighborhood Mixed Use,CM1,1,3251.671875,233.454026454705
315,Neighborhood Mixed Use,CM1,1,3200.17578125,255.92287057856
316,Neighborhood Mixed Use,CM1,1,3159.44140625,247.26772605151
317,Neighborhood Mixed Use,CM1,1,3157.15625,244.404511552607
318,Neighborhood Mixed Use,CM1,1,3161.59765625,229.377425639251
319,Neighborhood Mixed Use,CM1,1,3154.57421875,230.965174869662
320,Neighborhood Mixed Use,CM1,1,3121.421875,223.532569642484
321,Neighborhood Mixed Use,CM1,1,3110.7265625,261.11298520792
322,Neighborhood Mixed Use,CM1,1,3107.06640625,255.695501030477
323,Neighborhood Mixed Use,CM1,1,3098.04296875,229.554468569689
324,Neighborhood Mixed Use,CM1,1,3071.91015625,226.475263362943
325,Neighborhood Mixed Use,CM1,1,2894.625,218.749218934064
326,Neighborhood Mixed Use,CM1,1,2872.87109375,215.707531730834
327,Neighborhood Mixed Use,CM1,1,2811.5859375,220.869595844294
328,Neighborhood Mixed Use,CM1,1,2719.15625,216.853033494974
329,Neighborhood Mixed Use,CM1,1,2641.5703125,230.33704975953
330,Neighborhood Mixed Use,CM1,1,2622.0234375,217.50657709352
331,Neighborhood Mixed Use,CM1,1,2568.078125,213.841661546266
332,Neighborhood Mixed Use,CM1,1,2521.453125,201.837779656781
333,Neighborhood Mixed Use,CM1,1,2495.97265625,226.637160836948
334,Neighborhood Mixed Use,CM1,1,2490.59375,215.849824933219
335,Neighborhood Mixed Use,CM1,1,2415.05859375,215.212171619484
336,Neighborhood Mixed Use,CM1,1,2385.2734375,212.111871919771
337,Neighborhood Mixed Use,CM1,1,2375.5859375,195.475263944762
338,Neighborhood Mixed Use,CM1,1,2366.03515625,209.965020751497
339,Neighborhood Mixed Use,CM1,1,2347.6953125,209.935573695572
340,Neighborhood Mixed Use,CM1,1,2354.79296875,205.791252410446
341,Neighborhood Mixed Use,CM1,1,2337.078125,206.268547993176
342,Neighborhood Mixed Use,CM1,1,2299.60546875,205.712467558604
343,Neighborhood Mixed Use,CM1,1,2292.87890625,195.804245098431
344,Neighborhood Mixed Use,CM1,1,2290.22265625,209.132875806201
345,Neighborhood Mixed Use,CM1,1,2279.01171875,208.354848656495
346,Neighborhood Mixed Use,CM1,1,2230.97265625,198.74596718531
347,Neighborhood Mixed Use,CM1,1,2226.2421875,204.569852216941
348,Neighborhood Mixed Use,CM1,1,2214.921875,206.155436660145
349,Neighborhood Mixed Use,CM1,1,2219.74609375,198.556186487953
350,Neighborhood Mixed Use,CM1,1,2199.19921875,204.012232146488
351,Neighborhood Mixed Use,CM1,1,2196.51953125,209.977906724227
352,Neighborhood Mixed Use,CM1,1,2202.29296875,197.27243648523
353,Neighborhood Mixed Use,CM1,1,2170.34765625,204.168751765136
354,Neighborhood Mixed Use,CM1,1,2171.453125,199.600424362492
355,Neighborhood Mixed Use,CM1,1,2148.8125,203.266115463795
356,Neighborhood Mixed Use,CM1,1,2146.81640625,202.012045149101
357,Neighborhood Mixed Use,CM1,1,2149.234375,208.437627367791
358,Neighborhood Mixed Use,CM1,1,2141.5078125,201.371545821754
359,Neighborhood Mixed Use,CM1,1,2108.3203125,196.188048317279
360,Neighborhood Mixed Use,CM1,1,2090.85546875,200.93069402688
361,Neighborhood Mixed Use,CM1,1,2058.9453125,200.492991848834
362,Neighborhood Mixed Use,CM1,1,2054.0546875,182.380412416637
363,Neighborhood Mixed Use,CM1,1,2061.1796875,197.557378880161
364,Neighborhood Mixed Use,CM1,1,2039.15234375,203.446500250486
365,Neighborhood Mixed Use,CM1,1,2033.2734375,184.421988581815
366,Neighborhood Mixed Use,CM1,1,2024.31640625,202.396972557189
367,Neighborhood Mixed Use,CM1,1,2007,186.199637685386
368,Neighborhood Mixed Use,CM1,1,2005.12890625,202.481253423075
369,Neighborhood Mixed Use,CM1,1,1965.328125,199.096579138985
370,Neighborhood Mixed Use,CM1,1,1954.48828125,181.376935946122
371,Neighborhood Mixed Use,CM1,1,1941.8671875,176.438818081884
372,Neighborhood Mixed Use,CM1,1,1937.24609375,178.505790043167
373,Neighborhood Mixed Use,CM1,1,1909.9375,175.001454160251
374,Neighborhood Mixed Use,CM1,1,1883.9609375,191.147575497279
375,Neighborhood Mixed Use,CM1,1,1813.0546875,171.985610028006
376,Neighborhood Mixed Use,CM1,1,1789.6328125,173.319685880483
377,Neighborhood Mixed Use,CM1,1,1788.5,170.420048191032
378,Neighborhood Mixed Use,CM1,1,1707.046875,167.627408310554
379,Neighborhood Mixed Use,CM1,1,1682.58203125,166.365775133467
380,Neighborhood Mixed Use,CM1,1,1674.73828125,194.258978729772
381,Neighborhood Mixed Use,CM1,1,1629.66015625,203.523427476069
382,Neighborhood Mixed Use,CM1,1,1625.234375,166.241755099406
383,Neighborhood Mixed Use,CM1,1,1603.88671875,172.605182495462
384,Neighborhood Mixed Use,CM1,1,1594.55859375,191.320227758831
385,Neighborhood Mixed Use,CM1,1,1589.4609375,177.046362998954
386,Neighborhood Mixed Use,CM1,1,1517.12890625,160.607483611183
387,Neighborhood Mixed Use,CM1,1,1512.1875,180.9912310488
388,Neighborhood Mixed Use,CM1,1,1407.26171875,150.499979461246
389,Neighborhood Mixed Use,CM1,1,1356.45703125,147.564957087687
390,Neighborhood Mixed Use,CM1,1,1311.17578125,145.991453471314
391,Neighborhood Mixed Use,CM1,1,1294.99609375,144.310423595318
392,Neighborhood Mixed Use,CM1,1,1288.453125,145.317742883089
393,Neighborhood Mixed Use,CM1,1,1273.7734375,177.680873177401
394,Neighborhood Mixed Use,CM1,1,1271.578125,148.861516199172
395,Neighborhood Mixed Use,CM1,1,1255.79296875,180.09979214262
396,Neighborhood Mixed Use,CM1,1,1224.390625,173.026513246128
397,Neighborhood Mixed Use,CM1,1,1194.82421875,160.226012148371
398,Neighborhood Mixed Use,CM1,1,1165.109375,136.374102874144
399,Neighborhood Mixed Use,CM1,1,1164.68359375,169.476409109315
400,Neighborhood Mixed Use,CM1,1,1160.41015625,165.491092842838
401,Neighborhood Mixed Use,CM1,1,1105.82421875,151.946434508775
402,Neighborhood Mixed Use,CM1,1,1048.0078125,145.535406101537
403,Neighborhood Mixed Use,CM1,1,590.0234375,107.108500136901
404,Production and Processing,PR2,8,7051955.93359375,24220.3198845465
405,Production and Processing,PR2,8,4554892,18473.6394675693
406,Production and Processing,PR2,8,1500214.50390625,5797.95121551143
407,Production and Processing,PR2,8,1282366.30859375,5573.68848141295
408,Production and Processing,PR2,8,1264616.875,6725.23300635695
409,Production and Processing,PR2,8,804948.83203125,4641.32570604411
410,Production and Processing,PR2,8,541496.234375,6274.77479717631
411,Production and Processing,PR2,8,529450.90234375,4635.21887807235
412,Production and Processing,PR2,8,492225.26171875,4221.29774785534
413,Production and Processing,PR2,8,488608.91015625,3418.08791238265
414,Production and Processing,PR2,8,409294.578125,4585.57497639068
415,Production and Processing,PR2,8,243931.0703125,2311.54074579628
416,Production and Processing,PR2,8,213055.3671875,2300.84719655629
417,Production and Processing,PR2,8,46909.08203125,1176.03975621604
418,Production Mixed Use,PR1,7,1121417.91015625,6588.45809835196
419,Production Mixed Use,PR1,7,916903.60546875,6078.33618504966
420,Production Mixed Use,PR1,7,750955.3359375,4560.42105250449
421,Production Mixed Use,PR1,7,679612.7734375,6451.87663140748
422,Production Mixed Use,PR1,7,615527.3359375,4764.29481600311
423,Production Mixed Use,PR1,7,544254.63671875,3376.27405023455
424,Production Mixed Use,PR1,7,431809.38671875,4191.08853738074
425,Production Mixed Use,PR1,7,423733.4453125,3584.06476605562
426,Production Mixed Use,PR1,7,378810.62109375,4336.62643581831
427,Production Mixed Use,PR1,7,342449.59375,3109.77199240719
428,Production Mixed Use,PR1,7,321049.1640625,3519.17926492086
429,Production Mixed Use,PR1,7,246548.16015625,4069.51196349457
430,Production Mixed Use,PR1,7,236787.10546875,4363.02412698829
431,Production Mixed Use,PR1,7,235893.03125,3584.964050797
432,Production Mixed Use,PR1,7,206274.58984375,2718.65184962459
433,Production Mixed Use,PR1,7,200316.83984375,2208.52067064169
434,Production Mixed Use,PR1,7,116851.74609375,2233.63480331096
435,Production Mixed Use,PR1,7,106963.9375,1796.62332633525
436,Production Mixed Use,PR1,7,85530.17578125,1502.6273891846
437,Production Mixed Use,PR1,7,80538,1440.92660971444
438,Production Mixed Use,PR1,7,65342.875,1412.61893843827
439,Production Mixed Use,PR1,7,64950.04296875,1139.07437968895
440,Production Mixed Use,PR1,7,62998.234375,1146.10106504737
441,Production Mixed Use,PR1,7,53581.56640625,1789.81514870888
442,Production Mixed Use,PR1,7,45036.984375,1052.37478185939
443,Production Mixed Use,PR1,7,35534.8828125,1328.64072555647
444,Production Mixed Use,PR1,7,35288.50390625,1066.7092253417
445,Production Mixed Use,PR1,7,34770.75,1166.94905121265
446,Production Mixed Use,PR1,7,27791.0703125,677.165529915515
447,Production Mixed Use,PR1,7,24955.1796875,823.197620573302
448,Production Mixed Use,PR1,7,23135.02734375,698.715075501249
449,Production Mixed Use,PR1,7,22564.0234375,929.069495074479
450,Production Mixed Use,PR1,7,17435.3359375,636.521385812459
451,Production Mixed Use,PR1,7,16651.703125,539.00169087557
452,Production Mixed Use,PR1,7,14220.9140625,710.234816055109
453,Production Mixed Use,PR1,7,11993.9140625,472.100162211442
454,Production Mixed Use,PR1,7,10869.609375,458.125455789237
455,Production Mixed Use,PR1,7,9982.7421875,443.549188630515
456,Production Mixed Use,PR1,7,8946.04296875,521.256400016065
457,Production Mixed Use,PR1,7,5814.04296875,305.624715764328
458,Production Mixed Use,PR1,7,5357.171875,293.217023018353
459,Production Mixed Use,PR1,7,3837.78125,248.181113715577
460,Production Mixed Use,PR1,7,2839.30859375,235.941565446702
461,Production Mixed Use,PR1,7,2688.515625,216.987276160004
462,Production Mixed Use,PR1,7,440.14453125,84.2629138932771
463,Residence and Institutional,RM3,11,5210985.06640625,22525.8214039897
464,Residence and Institutional,RM3,11,1009180.640625,8392.52756163595
465,Residence and Institutional,RM3,11,695037.87890625,6179.04315483645
466,Residence and Institutional,RM3,11,641942.41015625,3798.39650623299
467,Residence and Institutional,RM3,11,475939.44921875,3100.40649078144
468,Residence and Institutional,RM3,11,320101.55859375,2523.09396080178
469,Residence and Institutional,RM3,11,283829.55078125,2474.00591594999
470,Residence and Institutional,RM3,11,178934.80859375,2044.91349685314
471,Residence and Institutional,RM3,11,131233.2734375,1804.08222581637
472,Residence and Institutional,RM3,11,126055.78515625,1829.72489034024
473,Residence and Institutional,RM3,11,103578.1953125,1479.10488906357
474,Residence and Institutional,RM3,11,97175.91796875,1787.3432593648
475,Residence and Institutional,RM3,11,83996.74609375,1557.64731394371
476,Residence and Institutional,RM3,11,69755.4921875,1294.93452437998
477,Residence and Institutional,RM3,11,59579.42578125,1134.4902096054
478,Residence and Institutional,RM3,11,53726.74609375,1114.8380115895
479,Residence and Institutional,RM3,11,30095.97265625,694.546211218229
480,Residence and Institutional,RM3,11,29640.3515625,840.58434009373
481,Residence and Institutional,RM3,11,22009.7890625,616.469650259456
482,Residence and Institutional,RM3,11,20995.671875,658.978079358947
483,Residence and Institutional,RM3,11,8246.29296875,364.551957242279
484,Residence and Institutional,RM3,11,4890.765625,280.124542685051
485,Residence and Institutional,RM3,11,4577.67578125,342.022872191964
486,Residence and Institutional,RM3,11,4499.58984375,268.595520014412
487,Residence and Institutional,RM3,11,4293.93359375,274.996942504865
488,Residence and Institutional,RM3,11,3511.45703125,238.58053295809
489,Residence and Institutional,RM3,11,2512.48046875,232.945683263279
490,Residence and Institutional,RM3,11,2483.640625,205.151026999669
491,Residence and Institutional,RM3,11,2230.453125,198.643178323972
492,Residence and Institutional,RM3,11,1878.59375,179.383417794009
493,Residence and Institutional,RM3,11,1770.1484375,190.548348511021
494,Residence and Institutional,RM3,11,1632.19921875,181.780542915391
495,Residence and Institutional,RM3,11,1536.7421875,160.579590289557
496,Residence and Institutional,RM3,11,57.125,32.1003474663187
497,Residence and Institutional,RM3,11,14.94140625,19.2652595181072
498,Residence Goods and Services,RM1,9,283522.69921875,5135.70014364612
499,Residence Goods and Services,RM1,9,247498.49609375,5070.58529484154
500,Residence Goods and Services,RM1,9,236800.859375,2765.83167754085
501,Residence Goods and Services,RM1,9,208577.70703125,4797.21471449251
502,Residence Goods and Services,RM1,9,206201.01953125,4404.36757690326
503,Residence Goods and Services,RM1,9,204307.8125,2147.18296725252
504,Residence Goods and Services,RM1,9,195722.35546875,3855.31180158022
505,Residence Goods and Services,RM1,9,184337.390625,3119.5682885306
506,Residence Goods and Services,RM1,9,180922.65625,3539.12426986901
507,Residence Goods and Services,RM1,9,167227.765625,3062.29276315592
508,Residence Goods and Services,RM1,9,166298.7421875,3807.07560429171
509,Residence Goods and Services,RM1,9,160306.65234375,3132.31239592651
510,Residence Goods and Services,RM1,9,159698.5546875,1693.32982800562
511,Residence Goods and Services,RM1,9,155076.85546875,3074.17947564361
512,Residence Goods and Services,RM1,9,149746.6171875,3276.97459992421
513,Residence Goods and Services,RM1,9,144475.87109375,2625.20564202797
514,Residence Goods and Services,RM1,9,142809.30078125,2465.47061695797
515,Residence Goods and Services,RM1,9,140001.6328125,2692.92317076713
516,Residence Goods and Services,RM1,9,138608.27734375,2853.25699909152
517,Residence Goods and Services,RM1,9,136899.3984375,2569.70880855465
518,Residence Goods and Services,RM1,9,135788.0234375,2571.60036597149
519,Residence Goods and Services,RM1,9,135837.3515625,2493.96868770248
520,Residence Goods and Services,RM1,9,134788.08203125,1485.59917179474
521,Residence Goods and Services,RM1,9,131541.859375,2580.69996269234
522,Residence Goods and Services,RM1,9,126186.5,2859.35305664663
523,Residence Goods and Services,RM1,9,124987.16796875,3712.82891110984
524,Residence Goods and Services,RM1,9,121074.1640625,2123.4077952502
525,Residence Goods and Services,RM1,9,115971.35546875,2059.28476926874
526,Residence Goods and Services,RM1,9,114674.74609375,2398.01136665364
527,Residence Goods and Services,RM1,9,112138.85546875,2187.78726153963
528,Residence Goods and Services,RM1,9,108067.6015625,2354.03891546022
529,Residence Goods and Services,RM1,9,105452.01953125,1787.84086596896
530,Residence Goods and Services,RM1,9,104225.15234375,2278.89309870403
531,Residence Goods and Services,RM1,9,101708.62890625,2051.02440757403
532,Residence Goods and Services,RM1,9,98987.171875,2618.16249745172
533,Residence Goods and Services,RM1,9,98380.33203125,2189.34435192676
534,Residence Goods and Services,RM1,9,95591.40234375,2488.85721109058
535,Residence Goods and Services,RM1,9,92774.20703125,1795.7904212627
536,Residence Goods and Services,RM1,9,92725.390625,2365.26729677955
537,Residence Goods and Services,RM1,9,92552.7265625,2400.46935503654
538,Residence Goods and Services,RM1,9,86567.625,2212.75068560786
539,Residence Goods and Services,RM1,9,85977.65625,1817.36566597041
540,Residence Goods and Services,RM1,9,82987.1875,1897.82920144917
541,Residence Goods and Services,RM1,9,82462.57421875,2384.43958925594
542,Residence Goods and Services,RM1,9,81545.53515625,1955.35954360142
543,Residence Goods and Services,RM1,9,80129.26171875,1730.94004544904
544,Residence Goods and Services,RM1,9,79536.7734375,1870.15821334144
545,Residence Goods and Services,RM1,9,78517.96484375,1457.12489573378
546,Residence Goods and Services,RM1,9,77241.390625,2289.37620241011
547,Residence Goods and Services,RM1,9,76098.45703125,1424.50954013742
548,Residence Goods and Services,RM1,9,75634.30078125,1178.0399478929
549,Residence Goods and Services,RM1,9,75430.265625,1445.4476210469
550,Residence Goods and Services,RM1,9,74133.40625,2142.37978650379
551,Residence Goods and Services,RM1,9,71843.33203125,1558.07145049178
552,Residence Goods and Services,RM1,9,70866.60546875,1438.64024521476
553,Residence Goods and Services,RM1,9,70183.0703125,1477.78124179102
554,Residence Goods and Services,RM1,9,68759.65625,1925.45789035492
555,Residence Goods and Services,RM1,9,67944.34765625,1224.82353991507
556,Residence Goods and Services,RM1,9,67941.47265625,1250.63640114463
557,Residence Goods and Services,RM1,9,67468.34765625,2364.49283698531
558,Residence Goods and Services,RM1,9,64913.07421875,1252.82121676758
559,Residence Goods and Services,RM1,9,62475.6640625,1217.3708456475
560,Residence Goods and Services,RM1,9,60227.0390625,1366.97742635494
561,Residence Goods and Services,RM1,9,60274.91796875,1152.60433855118
562,Residence Goods and Services,RM1,9,58634.40625,1107.36366707117
563,Residence Goods and Services,RM1,9,58319.27734375,1752.25418571269
564,Residence Goods and Services,RM1,9,56702.30859375,2140.16438471426
565,Residence Goods and Services,RM1,9,56090.4921875,1600.26785843741
566,Residence Goods and Services,RM1,9,53858.9921875,1613.9269144979
567,Residence Goods and Services,RM1,9,53526.97265625,1618.98501041288
568,Residence Goods and Services,RM1,9,52857.11328125,1605.53363450757
569,Residence Goods and Services,RM1,9,50148.88671875,1542.10832823398
570,Residence Goods and Services,RM1,9,48756.15625,1753.907709831
571,Residence Goods and Services,RM1,9,48375.96484375,1088.49160204689
572,Residence Goods and Services,RM1,9,47111.08984375,1840.23298266003
573,Residence Goods and Services,RM1,9,46207.20703125,936.149420474312
574,Residence Goods and Services,RM1,9,45868.4140625,1315.13953264624
575,Residence Goods and Services,RM1,9,45789.94921875,1081.73018094562
576,Residence Goods and Services,RM1,9,44203.01953125,986.013021709421
577,Residence Goods and Services,RM1,9,42691.9140625,1017.90352139992
578,Residence Goods and Services,RM1,9,42247.6953125,1286.63053560851
579,Residence Goods and Services,RM1,9,42137.26953125,1185.62045403552
580,Residence Goods and Services,RM1,9,41269.5390625,987.796577234643
581,Residence Goods and Services,RM1,9,40725.9375,888.059418527692
582,Residence Goods and Services,RM1,9,40300.22265625,879.82874147982
583,Residence Goods and Services,RM1,9,40160.453125,1369.95759345196
584,Residence Goods and Services,RM1,9,39512.296875,1174.16224940304
585,Residence Goods and Services,RM1,9,39195.0625,1022.43475224838
586,Residence Goods and Services,RM1,9,37846.24609375,922.005877202424
587,Residence Goods and Services,RM1,9,37562.171875,1333.33876656138
588,Residence Goods and Services,RM1,9,36977.10546875,863.825890825106
589,Residence Goods and Services,RM1,9,36332.44921875,1297.86183648543
590,Residence Goods and Services,RM1,9,35613.83203125,907.43899432711
591,Residence Goods and Services,RM1,9,34252.484375,1246.90310910179
592,Residence Goods and Services,RM1,9,33738.33203125,1021.91883512796
593,Residence Goods and Services,RM1,9,33094.890625,1688.06663551133
594,Residence Goods and Services,RM1,9,32007.76171875,1063.49904947526
595,Residence Goods and Services,RM1,9,31480.37890625,1087.64238506447
596,Residence Goods and Services,RM1,9,30285.75,962.609904969119
597,Residence Goods and Services,RM1,9,30301.9140625,745.76783102297
598,Residence Goods and Services,RM1,9,28737.43359375,743.481036607426
599,Residence Goods and Services,RM1,9,28382.984375,690.761506091132
600,Residence Goods and Services,RM1,9,28292.015625,699.790595018279
601,Residence Goods and Services,RM1,9,28214.68359375,785.814305195868
602,Residence Goods and Services,RM1,9,27831.7890625,1035.50711417722
603,Residence Goods and Services,RM1,9,27452.72265625,864.711525374041
604,Residence Goods and Services,RM1,9,25912.71484375,674.59554862048
605,Residence Goods and Services,RM1,9,24651.5703125,635.036182768735
606,Residence Goods and Services,RM1,9,24592.2890625,647.873374375878
607,Residence Goods and Services,RM1,9,24225.56640625,1416.97077727285
608,Residence Goods and Services,RM1,9,23836.7578125,951.516446066214
609,Residence Goods and Services,RM1,9,21528.40625,702.60932039426
610,Residence Goods and Services,RM1,9,20767.03125,748.393681336877
611,Residence Goods and Services,RM1,9,19785.484375,718.980899812005
612,Residence Goods and Services,RM1,9,19751.5078125,626.67440498506
613,Residence Goods and Services,RM1,9,18700.7265625,545.4260704352
614,Residence Goods and Services,RM1,9,17721.50390625,575.481730495224
615,Residence Goods and Services,RM1,9,17107.37109375,543.834357080703
616,Residence Goods and Services,RM1,9,16264.51171875,830.974052359852
617,Residence Goods and Services,RM1,9,15994.91015625,764.878944510882
618,Residence Goods and Services,RM1,9,15373.453125,652.327513450476
619,Residence Goods and Services,RM1,9,14951.9609375,650.261389150081
620,Residence Goods and Services,RM1,9,14903.34765625,766.816485846024
621,Residence Goods and Services,RM1,9,14546.15625,487.260982450132
622,Residence Goods and Services,RM1,9,14374.0625,530.835414536725
623,Residence Goods and Services,RM1,9,14082.73828125,555.525619237889
624,Residence Goods and Services,RM1,9,14056.33984375,491.412907198793
625,Residence Goods and Services,RM1,9,13958.2421875,540.746573329643
626,Residence Goods and Services,RM1,9,10480.68359375,507.593877600658
627,Residence Goods and Services,RM1,9,10072.1015625,428.413176539476
628,Residence Goods and Services,RM1,9,9987.65234375,592.470903839393
629,Residence Goods and Services,RM1,9,9902.51953125,563.208495847837
630,Residence Goods and Services,RM1,9,9859.36328125,398.361711690085
631,Residence Goods and Services,RM1,9,9819.04296875,416.715673924442
632,Residence Goods and Services,RM1,9,8467.9375,432.868633347591
633,Residence Goods and Services,RM1,9,7089.32421875,416.009063523124
634,Residence Goods and Services,RM1,9,5433.09765625,319.132692037974
635,Residence Goods and Services,RM1,9,4849.9921875,278.657177805397
636,Residence Goods and Services,RM1,9,4487.04296875,268.373668100018
637,Residence Goods and Services,RM1,9,4473.6875,268.060411274777
638,Residence Goods and Services,RM1,9,3291.2734375,241.771819725065
639,Residence Goods and Services,RM1,9,3183.18359375,229.453815398272
640,Residence Goods and Services,RM1,9,2986.6484375,226.555772453042
641,Residence Goods and Services,RM1,9,2898.26953125,226.177242251865
642,Residence Goods and Services,RM1,9,2441.2109375,211.769057776718
643,Residence Goods and Services,RM1,9,2221.79296875,206.24350193623
644,Residence Goods and Services,RM1,9,0.4609375,111.32576767177
645,Residence Office and Services,RM2,10,454091.25,3912.86429507829
646,Residence Office and Services,RM2,10,19151.2421875,563.125402206457
647,Residence Office and Services,RM2,10,10163.08203125,428.258581619412
648,Residence Office and Services,RM2,10,8408.734375,438.206572188381
649,Residence Office and Services,RM2,10,4251.87890625,273.618648619311
650,Transportation,TR1,12,1329008.40625,18563.9727848317
651,Transportation,TR1,12,1143687.43359375,16757.4435036326
652,Transportation,TR1,12,934423.91796875,8682.35490941254
653,Transportation,TR1,12,867237.42578125,15888.0691737002
654,Transportation,TR1,12,303100.26953125,7261.90329362399
655,Transportation,TR1,12,248915.296875,6130.60264285745
656,Transportation,TR1,12,217805.640625,5797.01787675659
657,Transportation,TR1,12,198207.71875,6504.04734938973
658,Transportation,TR1,12,126130.40234375,7357.660159687
659,Transportation,TR1,12,93310.78515625,6309.48053709991
660,Transportation,TR1,12,76813.6953125,3470.76363268327
661,Transportation,TR1,12,64578.50390625,1477.0438460633
662,Transportation,TR1,12,63070.91796875,2041.88931036285
663,Transportation,TR1,12,39071.875,1503.80978385943
664,Transportation,TR1,12,37152.671875,3013.35957665013
665,Transportation,TR1,12,33714.078125,3690.38030645369
666,Transportation,TR1,12,31764.3046875,1812.39722388885
667,Transportation,TR1,12,29323.1171875,1376.07058553757
668,Transportation,TR1,12,9713.37109375,727.644847566893
669,Transportation,TR1,12,7919.8125,1160.93033882689
670,Transportation,TR1,12,7684.1015625,773.460571761274
671,Transportation,TR1,12,6936.0546875,354.696644481441
672,Transportation,TR1,12,6917.90234375,378.942560735322
673,Transportation,TR1,12,3697.30078125,375.098334230771
674,Transportation,TR1,12,2362.49609375,246.651745510435
675,Urban Neighborhood 1,UN1,13,54195565.671875,131543.078425264
676,Urban Neighborhood 1,UN1,13,6248736.83984375,20732.3378694885
677,Urban Neighborhood 1,UN1,13,6013493.39453125,21055.3962671683
678,Urban Neighborhood 1,UN1,13,4774536.48046875,18758.1002732739
679,Urban Neighborhood 1,UN1,13,3722956.8671875,10221.6540653667
680,Urban Neighborhood 1,UN1,13,3519768.49609375,9533.08737156809
681,Urban Neighborhood 1,UN1,13,2620001.84375,9051.65294547705
682,Urban Neighborhood 1,UN1,13,1847174.6484375,6193.52984309048
683,Urban Neighborhood 1,UN1,13,1833648.1875,9975.62462666518
684,Urban Neighborhood 1,UN1,13,1733890.265625,7723.05491040164
685,Urban Neighborhood 1,UN1,13,1588346.2890625,7250.74762828802
686,Urban Neighborhood 1,UN1,13,1352423.578125,5507.25758468525
687,Urban Neighborhood 1,UN1,13,1180654.46484375,4712.30274391469
688,Urban Neighborhood 1,UN1,13,1156877.6015625,5456.42634675221
689,Urban Neighborhood 1,UN1,13,1148057.42578125,6089.2514637629
690,Urban Neighborhood 1,UN1,13,1121035.32421875,4789.78233675056
691,Urban Neighborhood 1,UN1,13,1074018.47265625,4532.96781041977
692,Urban Neighborhood 1,UN1,13,991435.69921875,5078.4452926391
693,Urban Neighborhood 1,UN1,13,940531.17578125,5709.05151817234
694,Urban Neighborhood 1,UN1,13,790109.66015625,4208.08563587925
695,Urban Neighborhood 1,UN1,13,555021.953125,4504.62074338608
696,Urban Neighborhood 1,UN1,13,553507.390625,4300.37679029605
697,Urban Neighborhood 1,UN1,13,547046.40625,3296.54052351171
698,Urban Neighborhood 1,UN1,13,424509.5625,2674.6508072658
699,Urban Neighborhood 1,UN1,13,281326.03515625,2535.20695843787
700,Urban Neighborhood 1,UN1,13,182469.5859375,2814.96330464916
701,Urban Neighborhood 1,UN1,13,181244.30078125,2295.32984140815
702,Urban Neighborhood 1,UN1,13,151945.9765625,2153.76582304291
703,Urban Neighborhood 1,UN1,13,151028.7890625,1585.73017345376
704,Urban Neighborhood 1,UN1,13,97097.31640625,1769.71260504752
705,Urban Neighborhood 1,UN1,13,76605.390625,1472.96545295927
706,Urban Neighborhood 1,UN1,13,61789.828125,1087.63302497106
707,Urban Neighborhood 1,UN1,13,46137.35546875,882.158079443754
708,Urban Neighborhood 1,UN1,13,44060.10546875,923.428565330382
709,Urban Neighborhood 1,UN1,13,20961.33984375,1177.64770131075
710,Urban Neighborhood 1,UN1,13,1397.37890625,173.953305615485
711,Urban Neighborhood 1,UN1,13,1369.32421875,416.85670624982
712,Urban Neighborhood 1,UN1,13,211.69140625,76.594942338815
713,Urban Neighborhood 1,UN1,13,38.12890625,32.3715315185014
714,Urban Neighborhood 1,UN1,13,6.80078125,145.473703255993
715,Urban Neighborhood 2,UN2,14,7795485.86328125,30457.8137696203
716,Urban Neighborhood 2,UN2,14,7145589.06640625,25644.641748035
717,Urban Neighborhood 2,UN2,14,4686517.953125,26316.4058724276
718,Urban Neighborhood 2,UN2,14,3604948.7890625,22181.3721323038
719,Urban Neighborhood 2,UN2,14,3097332.80078125,16368.2619243261
720,Urban Neighborhood 2,UN2,14,2661544.890625,8655.17970461743
721,Urban Neighborhood 2,UN2,14,2465219.48046875,8239.64511411468
722,Urban Neighborhood 2,UN2,14,2262384.9296875,15559.5326261872
723,Urban Neighborhood 2,UN2,14,2286877.18359375,6777.30751162664
724,Urban Neighborhood 2,UN2,14,1974712.140625,7144.62252494759
725,Urban Neighborhood 2,UN2,14,1865291.60546875,7708.77070177234
726,Urban Neighborhood 2,UN2,14,771536.69140625,18717.3171117642
727,Urban Neighborhood 2,UN2,14,1626517.953125,7200.41629823859
728,Urban Neighborhood 2,UN2,14,1486670.015625,6285.3994288965
729,Urban Neighborhood 2,UN2,14,1473098.08203125,9367.49825006763
730,Urban Neighborhood 2,UN2,14,1426707.90234375,6101.08079133399
731,Urban Neighborhood 2,UN2,14,1424608.15234375,6367.46347832772
732,Urban Neighborhood 2,UN2,14,1387631.7421875,6342.11100220183
733,Urban Neighborhood 2,UN2,14,1273172.67578125,8467.82958034278
734,Urban Neighborhood 2,UN2,14,1236525.734375,8362.92648924838
735,Urban Neighborhood 2,UN2,14,1228545.3046875,6149.46034181136
736,Urban Neighborhood 2,UN2,14,1144968.14453125,7557.60798200019
737,Urban Neighborhood 2,UN2,14,1187372.60546875,6152.1667078075
738,Urban Neighborhood 2,UN2,14,1130703.53125,6505.52610181986
739,Urban Neighborhood 2,UN2,14,1053676.8671875,5168.90981925099
740,Urban Neighborhood 2,UN2,14,1024135.671875,5138.17301760958
741,Urban Neighborhood 2,UN2,14,985911.45703125,5696.4611650746
742,Urban Neighborhood 2,UN2,14,958670.296875,5107.08342152488
743,Urban Neighborhood 2,UN2,14,874864.6328125,5062.81571906346
744,Urban Neighborhood 2,UN2,14,868864.9921875,5156.48282911553
745,Urban Neighborhood 2,UN2,14,738211.671875,5542.38660802006
746,Urban Neighborhood 2,UN2,14,665909.79296875,4435.35015246338
747,Urban Neighborhood 2,UN2,14,663067.8046875,7851.6612068704
748,Urban Neighborhood 2,UN2,14,628236.99609375,4692.54474649596
749,Urban Neighborhood 2,UN2,14,598533.3828125,3960.15471342787
750,Urban Neighborhood 2,UN2,14,569646.66015625,3780.12162787459
751,Urban Neighborhood 2,UN2,14,553894.4375,3531.34559595612
752,Urban Neighborhood 2,UN2,14,537931.0703125,3973.86768820709
753,Urban Neighborhood 2,UN2,14,466330.25,3287.60065860049
754,Urban Neighborhood 2,UN2,14,365053.71484375,3568.03482655451
755,Urban Neighborhood 2,UN2,14,354445.37890625,10382.9077179023
756,Urban Neighborhood 2,UN2,14,352656.83203125,6447.73140933977
757,Urban Neighborhood 2,UN2,14,339826.875,2517.03625937837
758,Urban Neighborhood 2,UN2,14,330497.19921875,9544.95810867315
759,Urban Neighborhood 2,UN2,14,322025.63671875,9572.03231665148
760,Urban Neighborhood 2,UN2,14,310790.90234375,9031.5396384224
761,Urban Neighborhood 2,UN2,14,308875.49609375,3695.60984171517
762,Urban Neighborhood 2,UN2,14,300755.296875,8096.89765754482
763,Urban Neighborhood 2,UN2,14,276929.84375,4418.91114413546
764,Urban Neighborhood 2,UN2,14,260851.671875,2550.49554287811
765,Urban Neighborhood 2,UN2,14,250652.578125,7256.60035248639
766,Urban Neighborhood 2,UN2,14,236865.51171875,6838.95400523189
767,Urban Neighborhood 2,UN2,14,225469.671875,6068.25597296665
768,Urban Neighborhood 2,UN2,14,222401.83984375,3680.43820181217
769,Urban Neighborhood 2,UN2,14,204315.984375,3154.47399572294
770,Urban Neighborhood 2,UN2,14,199045.125,5244.29090004219
771,Urban Neighborhood 2,UN2,14,198913.1796875,5890.03437040984
772,Urban Neighborhood 2,UN2,14,196366.5078125,5982.35826966321
773,Urban Neighborhood 2,UN2,14,195401.37109375,1757.24712048984
774,Urban Neighborhood 2,UN2,14,191160.8203125,5890.14411590389
775,Urban Neighborhood 2,UN2,14,190688.4296875,1851.59925302256
776,Urban Neighborhood 2,UN2,14,185744.37890625,2227.6960806745
777,Urban Neighborhood 2,UN2,14,181473.2734375,5401.89020378186
778,Urban Neighborhood 2,UN2,14,177632.26953125,2588.03370315565
779,Urban Neighborhood 2,UN2,14,175248.83984375,4944.49726718078
780,Urban Neighborhood 2,UN2,14,170595.17578125,5024.26868439445
781,Urban Neighborhood 2,UN2,14,161101.2421875,4447.88759015945
782,Urban Neighborhood 2,UN2,14,160923.078125,5866.62698684981
783,Urban Neighborhood 2,UN2,14,158405.90625,4723.12642849839
784,Urban Neighborhood 2,UN2,14,154854.1328125,2179.88792369221
785,Urban Neighborhood 2,UN2,14,150135.265625,4526.68607131641
786,Urban Neighborhood 2,UN2,14,144170.81640625,4314.33987620683
787,Urban Neighborhood 2,UN2,14,142571.3359375,4242.51907279215
788,Urban Neighborhood 2,UN2,14,139932.29296875,4265.99543122918
789,Urban Neighborhood 2,UN2,14,135476.33984375,4215.15599630642
790,Urban Neighborhood 2,UN2,14,131148.3671875,3942.30386883981
791,Urban Neighborhood 2,UN2,14,130492.734375,2919.11361318747
792,Urban Neighborhood 2,UN2,14,128193.828125,1655.84138375748
793,Urban Neighborhood 2,UN2,14,126429.76953125,3473.74800578473
794,Urban Neighborhood 2,UN2,14,125083.48046875,4064.07830631794
795,Urban Neighborhood 2,UN2,14,122992.640625,3753.26872828235
796,Urban Neighborhood 2,UN2,14,122346.484375,3582.02957843128
797,Urban Neighborhood 2,UN2,14,120770.80078125,3728.63010957189
798,Urban Neighborhood 2,UN2,14,120207.35546875,1364.73722280428
799,Urban Neighborhood 2,UN2,14,118122.31640625,3629.22627588396
800,Urban Neighborhood 2,UN2,14,112370.1484375,3381.44660697162
801,Urban Neighborhood 2,UN2,14,111245.96484375,2603.47116865814
802,Urban Neighborhood 2,UN2,14,109208.7578125,3211.35246759428
803,Urban Neighborhood 2,UN2,14,106364.3203125,3067.52218144669
804,Urban Neighborhood 2,UN2,14,101409.58984375,1883.91905961398
805,Urban Neighborhood 2,UN2,14,100376.671875,2738.08725260775
806,Urban Neighborhood 2,UN2,14,99669.4453125,1806.9775763434
807,Urban Neighborhood 2,UN2,14,99442.08984375,3098.06975514597
808,Urban Neighborhood 2,UN2,14,98772.40234375,2481.68487273618
809,Urban Neighborhood 2,UN2,14,98102.734375,2980.90164018561
810,Urban Neighborhood 2,UN2,14,97614.5703125,2853.24491509601
811,Urban Neighborhood 2,UN2,14,97505.63671875,2996.26761732315
812,Urban Neighborhood 2,UN2,14,94721,1974.5963088897
813,Urban Neighborhood 2,UN2,14,93626.0234375,2032.64587661764
814,Urban Neighborhood 2,UN2,14,91690.71484375,1393.45301738625
815,Urban Neighborhood 2,UN2,14,91139.8828125,2804.55355313369
816,Urban Neighborhood 2,UN2,14,89385.0234375,1304.83718332463
817,Urban Neighborhood 2,UN2,14,88041.35546875,2587.77625049014
818,Urban Neighborhood 2,UN2,14,86250.30859375,2413.44262569568
819,Urban Neighborhood 2,UN2,14,83603.2734375,2269.98623609962
820,Urban Neighborhood 2,UN2,14,82877.10546875,2683.30488378518
821,Urban Neighborhood 2,UN2,14,80864.8046875,1659.47183388863
822,Urban Neighborhood 2,UN2,14,79990.44140625,2522.55756362185
823,Urban Neighborhood 2,UN2,14,78005.46484375,2400.66206538707
824,Urban Neighborhood 2,UN2,14,76558.98046875,2205.33775502413
825,Urban Neighborhood 2,UN2,14,75258.765625,2345.26118558875
826,Urban Neighborhood 2,UN2,14,72424.33203125,2382.00820476809
827,Urban Neighborhood 2,UN2,14,70373.921875,2150.72059220704
828,Urban Neighborhood 2,UN2,14,69558.00390625,2048.38615838601
829,Urban Neighborhood 2,UN2,14,67791.515625,1847.85285384412
830,Urban Neighborhood 2,UN2,14,66931.921875,2116.81364386874
831,Urban Neighborhood 2,UN2,14,66479.81640625,2140.53972244771
832,Urban Neighborhood 2,UN2,14,66004.875,2067.32155467237
833,Urban Neighborhood 2,UN2,14,65736.12890625,1449.20828218704
834,Urban Neighborhood 2,UN2,14,65360.2109375,2038.37485573486
835,Urban Neighborhood 2,UN2,14,65119.5078125,1516.05342516348
836,Urban Neighborhood 2,UN2,14,65271.1484375,1599.50248928958
837,Urban Neighborhood 2,UN2,14,64283.86328125,2153.54755965708
838,Urban Neighborhood 2,UN2,14,63465.4140625,1408.11705313772
839,Urban Neighborhood 2,UN2,14,62883.78515625,2112.62728648161
840,Urban Neighborhood 2,UN2,14,60848.78125,1668.47472244594
841,Urban Neighborhood 2,UN2,14,60729.5078125,1842.37611864423
842,Urban Neighborhood 2,UN2,14,57378.04296875,967.080005903095
843,Urban Neighborhood 2,UN2,14,54432.765625,1682.00244282545
844,Urban Neighborhood 2,UN2,14,53966.5234375,1759.29178517413
845,Urban Neighborhood 2,UN2,14,52090.9921875,1386.48470480793
846,Urban Neighborhood 2,UN2,14,50368.61328125,1648.64574333945
847,Urban Neighborhood 2,UN2,14,50157.46875,1651.32273665957
848,Urban Neighborhood 2,UN2,14,49493.33203125,1537.19183515791
849,Urban Neighborhood 2,UN2,14,49261.21484375,963.821283265407
850,Urban Neighborhood 2,UN2,14,48750.9765625,1282.03143438324
851,Urban Neighborhood 2,UN2,14,48589.1015625,1554.55862088257
852,Urban Neighborhood 2,UN2,14,45238.52734375,1407.41559045637
853,Urban Neighborhood 2,UN2,14,44913.0078125,1670.42493817582
854,Urban Neighborhood 2,UN2,14,44992.3203125,1258.18565838126
855,Urban Neighborhood 2,UN2,14,43372.69140625,1587.28279066292
856,Urban Neighborhood 2,UN2,14,42598.09765625,1503.46437502789
857,Urban Neighborhood 2,UN2,14,42537.64453125,1386.48993823047
858,Urban Neighborhood 2,UN2,14,40868.4921875,1257.60753941731
859,Urban Neighborhood 2,UN2,14,40845.85546875,1278.47691346634
860,Urban Neighborhood 2,UN2,14,40508.62109375,1236.53178897613
861,Urban Neighborhood 2,UN2,14,37980.69140625,1236.41562531772
862,Urban Neighborhood 2,UN2,14,37933.65234375,1043.89885629613
863,Urban Neighborhood 2,UN2,14,37555.38671875,1199.8604555863
864,Urban Neighborhood 2,UN2,14,36967.78125,1332.41368228279
865,Urban Neighborhood 2,UN2,14,35818.75390625,1283.78706653788
866,Urban Neighborhood 2,UN2,14,34071.05078125,1023.31628633338
867,Urban Neighborhood 2,UN2,14,33952.01171875,1141.79895034728
868,Urban Neighborhood 2,UN2,14,33734.5390625,1180.38714414451
869,Urban Neighborhood 2,UN2,14,30193.8984375,1018.47162009393
870,Urban Neighborhood 2,UN2,14,29066.45703125,692.071956179164
871,Urban Neighborhood 2,UN2,14,28819.62890625,692.135647097939
872,Urban Neighborhood 2,UN2,14,27918.05078125,1011.97696617318
873,Urban Neighborhood 2,UN2,14,27863.72265625,672.223140511173
874,Urban Neighborhood 2,UN2,14,24431.421875,1052.97270051226
875,Urban Neighborhood 2,UN2,14,23849.37890625,875.206469659555
876,Urban Neighborhood 2,UN2,14,22820.08984375,1280.16476179834
877,Urban Neighborhood 2,UN2,14,22276.2578125,791.185611957261
878,Urban Neighborhood 2,UN2,14,22214.69921875,882.689048314177
879,Urban Neighborhood 2,UN2,14,20624.01171875,620.756606842484
880,Urban Neighborhood 2,UN2,14,20471.203125,721.05152379785
881,Urban Neighborhood 2,UN2,14,20174.08203125,600.320010594014
882,Urban Neighborhood 2,UN2,14,17923.60546875,634.52651155459
883,Urban Neighborhood 2,UN2,14,16298.37109375,619.552499380226
884,Urban Neighborhood 2,UN2,14,16101.34375,617.34245752411
885,Urban Neighborhood 2,UN2,14,16082.03125,618.428254101367
886,Urban Neighborhood 2,UN2,14,15701.16796875,584.473174604662
887,Urban Neighborhood 2,UN2,14,15432.5,589.221757395897
888,Urban Neighborhood 2,UN2,14,14764.22265625,573.859017252508
889,Urban Neighborhood 2,UN2,14,14574.078125,563.230799926914
890,Urban Neighborhood 2,UN2,14,14573.71875,497.762159973658
891,Urban Neighborhood 2,UN2,14,14403.84375,586.067538269016
892,Urban Neighborhood 2,UN2,14,12664.49609375,635.429819688009
893,Urban Neighborhood 2,UN2,14,11815.7265625,570.366628342016
894,Urban Neighborhood 2,UN2,14,11751.23828125,448.137997411959
895,Urban Neighborhood 2,UN2,14,11614.21484375,493.397535323485
896,Urban Neighborhood 2,UN2,14,10379.47265625,462.274016310882
897,Urban Neighborhood 2,UN2,14,10340.34375,422.224766273371
898,Urban Neighborhood 2,UN2,14,8146.3125,367.468381324109
899,Urban Neighborhood 2,UN2,14,7585.98046875,381.34718086025
900,Urban Neighborhood 2,UN2,14,7459.72265625,359.886687996282
901,Urban Neighborhood 2,UN2,14,7169.3203125,715.190795834694
902,Urban Neighborhood 2,UN2,14,6401.01953125,334.45195236173
903,Urban Neighborhood 2,UN2,14,2801.640625,215.172428489983
904,Urban Neighborhood 2,UN2,14,607.28125,117.175390782904
905,Urban Neighborhood 2,UN2,14,303.82421875,68.3213659873432
906,Urban Neighborhood 2,UN2,14,289.69140625,91.4561452898964
907,Urban Neighborhood 2,UN2,14,191.23828125,57.9281666552056
908,Urban Neighborhood 2,UN2,14,6.8046875,90.3662806187363
909,Urban Neighborhood 2,UN2,14,3.23046875,43.2974889880862
910,Urban Neighborhood 2,UN2,14,2.7734375,63.3039249623708
911,Urban Neighborhood 2,UN2,14,0.53125,112.062650438527
912,Urban Neighborhood 2,UN2,14,0.40625,187.727251072017
913,Urban Neighborhood 2,UN2,14,0.21484375,104.570729662605
914,Urban Neighborhood 3,UN3,15,1077094.01953125,8630.89354638208
915,Urban Neighborhood 3,UN3,15,984712.359375,7525.18051212134
916,Urban Neighborhood 3,UN3,15,714297.7890625,11102.398555306
917,Urban Neighborhood 3,UN3,15,628386.828125,8932.77254182135
918,Urban Neighborhood 3,UN3,15,574486.01171875,5750.71710082534
919,Urban Neighborhood 3,UN3,15,496739.7421875,8609.14815988616
920,Urban Neighborhood 3,UN3,15,460748.296875,7241.45149334527
921,Urban Neighborhood 3,UN3,15,427170.62109375,4891.05578325538
922,Urban Neighborhood 3,UN3,15,392487.59375,7669.28760986058
923,Urban Neighborhood 3,UN3,15,398996.953125,5767.73429447221
924,Urban Neighborhood 3,UN3,15,377508.578125,3100.85583852217
925,Urban Neighborhood 3,UN3,15,370798.8671875,7082.15287778725
926,Urban Neighborhood 3,UN3,15,344651.96875,5084.84727396866
927,Urban Neighborhood 3,UN3,15,299702.12109375,5521.65260898782
928,Urban Neighborhood 3,UN3,15,285158.12890625,2706.30065072404
929,Urban Neighborhood 3,UN3,15,278829.19140625,3051.28475909782
930,Urban Neighborhood 3,UN3,15,273349.69921875,2620.36259421377
931,Urban Neighborhood 3,UN3,15,263451.1171875,2376.47000892777
932,Urban Neighborhood 3,UN3,15,256621.12890625,4546.45598662031
933,Urban Neighborhood 3,UN3,15,259654.73828125,4396.59267065623
934,Urban Neighborhood 3,UN3,15,254884.6484375,2403.47918487159
935,Urban Neighborhood 3,UN3,15,251055.77734375,4622.43541757943
936,Urban Neighborhood 3,UN3,15,248519.33984375,5524.52029921918
937,Urban Neighborhood 3,UN3,15,236796.33203125,3729.63458437606
938,Urban Neighborhood 3,UN3,15,230277.046875,4040.14174115533
939,Urban Neighborhood 3,UN3,15,229105.01953125,4341.12830150925
940,Urban Neighborhood 3,UN3,15,218750.73828125,2324.62464410335
941,Urban Neighborhood 3,UN3,15,203409.01953125,3106.87492769484
942,Urban Neighborhood 3,UN3,15,191891.54296875,2379.21760063988
943,Urban Neighborhood 3,UN3,15,189626.4453125,2308.62025428497
944,Urban Neighborhood 3,UN3,15,182774.6015625,2306.30628678553
945,Urban Neighborhood 3,UN3,15,175370.62109375,2103.61493258508
946,Urban Neighborhood 3,UN3,15,172710.02734375,3354.42183635974
947,Urban Neighborhood 3,UN3,15,159243,2927.78588747997
948,Urban Neighborhood 3,UN3,15,156813.203125,5332.58452148974
949,Urban Neighborhood 3,UN3,15,145931.41796875,4300.98905117927
950,Urban Neighborhood 3,UN3,15,142208.76953125,2541.86060378135
951,Urban Neighborhood 3,UN3,15,139442.18359375,2955.60402835187
952,Urban Neighborhood 3,UN3,15,136866.05859375,2523.9936942446
953,Urban Neighborhood 3,UN3,15,136892.6328125,2339.44190337993
954,Urban Neighborhood 3,UN3,15,135513.421875,2946.42857890268
955,Urban Neighborhood 3,UN3,15,134526.38671875,2218.84416093081
956,Urban Neighborhood 3,UN3,15,133747.796875,2507.33480589461
957,Urban Neighborhood 3,UN3,15,128331.8125,2154.30822169833
958,Urban Neighborhood 3,UN3,15,127805.01171875,2556.56180249881
959,Urban Neighborhood 3,UN3,15,123445.84375,1648.33773384036
960,Urban Neighborhood 3,UN3,15,118186.21484375,1569.62930524014
961,Urban Neighborhood 3,UN3,15,117585.3671875,2412.3287415709
962,Urban Neighborhood 3,UN3,15,114883.4609375,3413.57614524517
963,Urban Neighborhood 3,UN3,15,113511.69921875,1870.22097007499
964,Urban Neighborhood 3,UN3,15,108641.92578125,1686.17141036003
965,Urban Neighborhood 3,UN3,15,107947.4453125,2428.03279132092
966,Urban Neighborhood 3,UN3,15,103408.3671875,1838.69159735069
967,Urban Neighborhood 3,UN3,15,101991.875,1505.43903956351
968,Urban Neighborhood 3,UN3,15,98896.92578125,1604.99896251333
969,Urban Neighborhood 3,UN3,15,91270.82421875,1883.38302750972
970,Urban Neighborhood 3,UN3,15,89105.140625,2229.93906365253
971,Urban Neighborhood 3,UN3,15,83337.32421875,1584.64167425522
972,Urban Neighborhood 3,UN3,15,82633.515625,1459.99893975719
973,Urban Neighborhood 3,UN3,15,78920.75390625,1205.49440497091
974,Urban Neighborhood 3,UN3,15,78605.35546875,1430.24811156277
975,Urban Neighborhood 3,UN3,15,78168.0390625,1435.0365421044
976,Urban Neighborhood 3,UN3,15,76829.2578125,1229.62567922684
977,Urban Neighborhood 3,UN3,15,73360.67578125,1487.71318013858
978,Urban Neighborhood 3,UN3,15,72986.86328125,2272.59019778709
979,Urban Neighborhood 3,UN3,15,71219.34765625,1624.93362900836
980,Urban Neighborhood 3,UN3,15,68904.2109375,3486.45893823061
981,Urban Neighborhood 3,UN3,15,68676.8515625,1432.09955033807
982,Urban Neighborhood 3,UN3,15,68219.58984375,2330.55180458125
983,Urban Neighborhood 3,UN3,15,65454.0859375,4605.44457559654
984,Urban Neighborhood 3,UN3,15,62865.93359375,1668.1906328811
985,Urban Neighborhood 3,UN3,15,62161.47265625,3462.95979207233
986,Urban Neighborhood 3,UN3,15,61218.0078125,1501.68036215642
987,Urban Neighborhood 3,UN3,15,59471.2890625,1685.54127293318
988,Urban Neighborhood 3,UN3,15,57506.9453125,967.352654633676
989,Urban Neighborhood 3,UN3,15,55977.34375,1070.23826016764
990,Urban Neighborhood 3,UN3,15,53661.6875,965.325050162808
991,Urban Neighborhood 3,UN3,15,52791.30078125,1206.66991428704
992,Urban Neighborhood 3,UN3,15,52423.16796875,1342.55194369008
993,Urban Neighborhood 3,UN3,15,51412.921875,1087.62812946014
994,Urban Neighborhood 3,UN3,15,51000.6796875,2569.67869292614
995,Urban Neighborhood 3,UN3,15,50662.578125,1063.11131676319
996,Urban Neighborhood 3,UN3,15,48992.06640625,888.609265993542
997,Urban Neighborhood 3,UN3,15,47185.56640625,1056.35474973602
998,Urban Neighborhood 3,UN3,15,46749.09375,1666.10527050066
999,Urban Neighborhood 3,UN3,15,45545.3671875,1420.32148196017
1000,Urban Neighborhood 3,UN3,15,44049.48828125,973.852835058608
1001,Urban Neighborhood 3,UN3,15,43985.9921875,2132.88581903421
1002,Urban Neighborhood 3,UN3,15,43338.59765625,1819.23659732059
1003,Urban Neighborhood 3,UN3,15,42249.51953125,1264.09285212467
1004,Urban Neighborhood 3,UN3,15,41601.6953125,872.474793384571
1005,Urban Neighborhood 3,UN3,15,38525.57421875,832.253184795679
1006,Urban Neighborhood 3,UN3,15,37820.85546875,1844.3573812317
1007,Urban Neighborhood 3,UN3,15,37781.703125,999.571970291299
1008,Urban Neighborhood 3,UN3,15,37529.16015625,961.861569056359
1009,Urban Neighborhood 3,UN3,15,36928.73828125,1183.70024409694
1010,Urban Neighborhood 3,UN3,15,35522.50390625,832.443185120495
1011,Urban Neighborhood 3,UN3,15,34131.23046875,1469.0020089423
1012,Urban Neighborhood 3,UN3,15,33998.171875,1160.74501986069
1013,Urban Neighborhood 3,UN3,15,33574.37109375,852.484625252801
1014,Urban Neighborhood 3,UN3,15,33236.67578125,1181.25405296933
1015,Urban Neighborhood 3,UN3,15,32452.53125,881.491625929349
1016,Urban Neighborhood 3,UN3,15,32441.90625,1949.17551123916
1017,Urban Neighborhood 3,UN3,15,31745.1171875,997.515537824059
1018,Urban Neighborhood 3,UN3,15,31541.1484375,869.669498952457
1019,Urban Neighborhood 3,UN3,15,31169.4453125,1429.02612999039
1020,Urban Neighborhood 3,UN3,15,31043.5625,850.009696388642
1021,Urban Neighborhood 3,UN3,15,30590.109375,1195.87009958116
1022,Urban Neighborhood 3,UN3,15,30403.1328125,1047.95507355345
1023,Urban Neighborhood 3,UN3,15,29455.44921875,1419.11534272883
1024,Urban Neighborhood 3,UN3,15,28788.90625,1601.33108716072
1025,Urban Neighborhood 3,UN3,15,28401.66796875,1298.90082692968
1026,Urban Neighborhood 3,UN3,15,28204.73828125,680.165368623963
1027,Urban Neighborhood 3,UN3,15,27849.546875,1253.23754033679
1028,Urban Neighborhood 3,UN3,15,27468.33203125,804.149187101105
1029,Urban Neighborhood 3,UN3,15,27428.625,759.161676999193
1030,Urban Neighborhood 3,UN3,15,27334.91015625,819.805511692011
1031,Urban Neighborhood 3,UN3,15,27115.62890625,1268.54190305056
1032,Urban Neighborhood 3,UN3,15,26726.0546875,780.35049572181
1033,Urban Neighborhood 3,UN3,15,26593.20703125,997.751965451592
1034,Urban Neighborhood 3,UN3,15,26258.8984375,860.848955910762
1035,Urban Neighborhood 3,UN3,15,25731.27734375,1452.29838911646
1036,Urban Neighborhood 3,UN3,15,25512.87109375,1138.59809351357
1037,Urban Neighborhood 3,UN3,15,25264.20703125,825.87343705944
1038,Urban Neighborhood 3,UN3,15,24816.23828125,784.613986898082
1039,Urban Neighborhood 3,UN3,15,24608.08984375,1132.71069968795
1040,Urban Neighborhood 3,UN3,15,24478.25390625,658.077456479756
1041,Urban Neighborhood 3,UN3,15,24345.65625,1093.92288982902
1042,Urban Neighborhood 3,UN3,15,23796.8984375,1003.80257148217
1043,Urban Neighborhood 3,UN3,15,23667.81640625,1052.43181199536
1044,Urban Neighborhood 3,UN3,15,23417.921875,634.207623950077
1045,Urban Neighborhood 3,UN3,15,22721.75390625,647.493587843822
1046,Urban Neighborhood 3,UN3,15,22133.5625,1377.63395875926
1047,Urban Neighborhood 3,UN3,15,22056.15625,654.216611910298
1048,Urban Neighborhood 3,UN3,15,21746.4765625,994.171473734635
1049,Urban Neighborhood 3,UN3,15,21768.1640625,753.198516405721
1050,Urban Neighborhood 3,UN3,15,21408.125,1363.29542878262
1051,Urban Neighborhood 3,UN3,15,20827.76953125,1069.01075081155
1052,Urban Neighborhood 3,UN3,15,20551.08203125,665.85518943816
1053,Urban Neighborhood 3,UN3,15,20027.40625,670.173978211611
1054,Urban Neighborhood 3,UN3,15,19769.16796875,630.924370250464
1055,Urban Neighborhood 3,UN3,15,19447.9296875,628.16636920676
1056,Urban Neighborhood 3,UN3,15,18870.7734375,1186.58866435422
1057,Urban Neighborhood 3,UN3,15,18871.203125,763.378470414332
1058,Urban Neighborhood 3,UN3,15,18802.9453125,753.275896367542
1059,Urban Neighborhood 3,UN3,15,18690.76953125,999.974760630862
1060,Urban Neighborhood 3,UN3,15,18569.18359375,665.952876804368
1061,Urban Neighborhood 3,UN3,15,17942.37890625,809.05665049573
1062,Urban Neighborhood 3,UN3,15,17632.421875,531.576122049498
1063,Urban Neighborhood 3,UN3,15,17440.1015625,589.25901543208
1064,Urban Neighborhood 3,UN3,15,17389.578125,888.986883206503
1065,Urban Neighborhood 3,UN3,15,17247.796875,926.061224545843
1066,Urban Neighborhood 3,UN3,15,17274.35546875,531.396521569705
1067,Urban Neighborhood 3,UN3,15,17272.79296875,954.419308987883
1068,Urban Neighborhood 3,UN3,15,16767.9140625,1094.92843972055
1069,Urban Neighborhood 3,UN3,15,16778.98046875,537.115774004983
1070,Urban Neighborhood 3,UN3,15,16612.26171875,570.553262675805
1071,Urban Neighborhood 3,UN3,15,16313.1875,1076.80474432098
1072,Urban Neighborhood 3,UN3,15,16328.07421875,674.836662436932
1073,Urban Neighborhood 3,UN3,15,16347.9609375,896.06102279846
1074,Urban Neighborhood 3,UN3,15,16284.30859375,655.262420739854
1075,Urban Neighborhood 3,UN3,15,16125.55859375,597.727364891398
1076,Urban Neighborhood 3,UN3,15,15505.58984375,663.693142274627
1077,Urban Neighborhood 3,UN3,15,15208.09765625,568.938503565359
1078,Urban Neighborhood 3,UN3,15,14708.51171875,553.655309201528
1079,Urban Neighborhood 3,UN3,15,14641.36328125,885.538019341675
1080,Urban Neighborhood 3,UN3,15,14530.1640625,664.965908390326
1081,Urban Neighborhood 3,UN3,15,14386.375,653.030460771574
1082,Urban Neighborhood 3,UN3,15,14307.609375,844.540544928975
1083,Urban Neighborhood 3,UN3,15,14106.4140625,816.930389034163
1084,Urban Neighborhood 3,UN3,15,13879.19140625,628.459156398024
1085,Urban Neighborhood 3,UN3,15,13760.15234375,499.607180954892
1086,Urban Neighborhood 3,UN3,15,13150.578125,685.323554159154
1087,Urban Neighborhood 3,UN3,15,13064.3203125,643.082392237346
1088,Urban Neighborhood 3,UN3,15,12740.23828125,502.762044070026
1089,Urban Neighborhood 3,UN3,15,12717.8515625,500.704696788474
1090,Urban Neighborhood 3,UN3,15,12651.44140625,480.097108153917
1091,Urban Neighborhood 3,UN3,15,12582.046875,568.937031713281
1092,Urban Neighborhood 3,UN3,15,12127.3046875,516.790843103299
1093,Urban Neighborhood 3,UN3,15,12058.06640625,523.199206664651
1094,Urban Neighborhood 3,UN3,15,11896.515625,542.751096202282
1095,Urban Neighborhood 3,UN3,15,11355.91796875,800.069327651119
1096,Urban Neighborhood 3,UN3,15,11334.99609375,966.32156887793
1097,Urban Neighborhood 3,UN3,15,11030.08984375,435.520257061035
1098,Urban Neighborhood 3,UN3,15,10907.4609375,584.155070297377
1099,Urban Neighborhood 3,UN3,15,10613.46484375,477.700891248443
1100,Urban Neighborhood 3,UN3,15,10526.72265625,444.791684742611
1101,Urban Neighborhood 3,UN3,15,10278.578125,437.671615134586
1102,Urban Neighborhood 3,UN3,15,10235.828125,417.078758689603
1103,Urban Neighborhood 3,UN3,15,9926.28125,430.308337064938
1104,Urban Neighborhood 3,UN3,15,9891.0390625,607.576837230383
1105,Urban Neighborhood 3,UN3,15,9706.44140625,542.724193135194
1106,Urban Neighborhood 3,UN3,15,9628.828125,478.926264345306
1107,Urban Neighborhood 3,UN3,15,9242.61328125,401.071719379774
1108,Urban Neighborhood 3,UN3,15,9000.79296875,963.416719879513
1109,Urban Neighborhood 3,UN3,15,8907.14453125,667.736799163943
1110,Urban Neighborhood 3,UN3,15,8902.7578125,745.062473148059
1111,Urban Neighborhood 3,UN3,15,8768.91796875,384.412417001129
1112,Urban Neighborhood 3,UN3,15,8773.97265625,401.552636599491
1113,Urban Neighborhood 3,UN3,15,8735.3046875,484.624281995055
1114,Urban Neighborhood 3,UN3,15,8665.91015625,818.292524575705
1115,Urban Neighborhood 3,UN3,15,8604.734375,385.612251172089
1116,Urban Neighborhood 3,UN3,15,8546.109375,521.576483143213
1117,Urban Neighborhood 3,UN3,15,8444.5859375,384.256642307476
1118,Urban Neighborhood 3,UN3,15,8358.08984375,377.148090985058
1119,Urban Neighborhood 3,UN3,15,8329.765625,365.910409851983
1120,Urban Neighborhood 3,UN3,15,8063.890625,368.457405100741
1121,Urban Neighborhood 3,UN3,15,8048.78515625,522.059037591238
1122,Urban Neighborhood 3,UN3,15,7979.26171875,395.162462293448
1123,Urban Neighborhood 3,UN3,15,7767.55078125,390.725389524093
1124,Urban Neighborhood 3,UN3,15,7713.79296875,351.48356153596
1125,Urban Neighborhood 3,UN3,15,7652.359375,494.969356636589
1126,Urban Neighborhood 3,UN3,15,7347.45703125,348.499217163437
1127,Urban Neighborhood 3,UN3,15,7235.765625,351.852506317193
1128,Urban Neighborhood 3,UN3,15,6984.375,373.6297603288
1129,Urban Neighborhood 3,UN3,15,6997.52734375,615.606995506786
1130,Urban Neighborhood 3,UN3,15,6918.9921875,359.154201970775
1131,Urban Neighborhood 3,UN3,15,6866.70703125,496.745598653598
1132,Urban Neighborhood 3,UN3,15,6872.39453125,581.528838918926
1133,Urban Neighborhood 3,UN3,15,6833.046875,571.108294231936
1134,Urban Neighborhood 3,UN3,15,6622.13671875,323.709368111375
1135,Urban Neighborhood 3,UN3,15,6455.390625,318.863329413416
1136,Urban Neighborhood 3,UN3,15,6274.53125,332.269053437323
1137,Urban Neighborhood 3,UN3,15,6142.05078125,357.286636571774
1138,Urban Neighborhood 3,UN3,15,6062.09765625,587.144918900789
1139,Urban Neighborhood 3,UN3,15,5703.4375,363.754300134522
1140,Urban Neighborhood 3,UN3,15,5436.8359375,383.370843857912
1141,Urban Neighborhood 3,UN3,15,5426.35546875,305.812474702029
1142,Urban Neighborhood 3,UN3,15,5247.42578125,444.168652344509
1143,Urban Neighborhood 3,UN3,15,5208.421875,289.031801486303
1144,Urban Neighborhood 3,UN3,15,5120.6953125,379.364989445398
1145,Urban Neighborhood 3,UN3,15,5061.0078125,284.183579429089
1146,Urban Neighborhood 3,UN3,15,4798.85546875,385.572529865908
1147,Urban Neighborhood 3,UN3,15,4782.94140625,459.520097780147
1148,Urban Neighborhood 3,UN3,15,4789.41015625,399.390001400665
1149,Urban Neighborhood 3,UN3,15,4468.21875,293.599156747117
1150,Urban Neighborhood 3,UN3,15,4311.40625,471.886163946845
1151,Urban Neighborhood 3,UN3,15,4294.82421875,266.698528525274
1152,Urban Neighborhood 3,UN3,15,4226.50390625,261.408619754648
1153,Urban Neighborhood 3,UN3,15,4233.375,464.095662595771
1154,Urban Neighborhood 3,UN3,15,4124.9140625,341.737807134657
1155,Urban Neighborhood 3,UN3,15,4039.3125,331.410337900003
1156,Urban Neighborhood 3,UN3,15,4029.43359375,375.033681238147
1157,Urban Neighborhood 3,UN3,15,3981.7890625,347.205838152419
1158,Urban Neighborhood 3,UN3,15,3954.265625,276.102390630951
1159,Urban Neighborhood 3,UN3,15,3897.88671875,253.48114375209
1160,Urban Neighborhood 3,UN3,15,3696.66796875,337.169276325424
1161,Urban Neighborhood 3,UN3,15,3689.7421875,250.263217736882
1162,Urban Neighborhood 3,UN3,15,3645.1484375,244.274633218363
1163,Urban Neighborhood 3,UN3,15,3637.12890625,245.686316620844
1164,Urban Neighborhood 3,UN3,15,3569.953125,243.815194713969
1165,Urban Neighborhood 3,UN3,15,3527.42578125,241.747645506981
1166,Urban Neighborhood 3,UN3,15,3453.71484375,246.978183703859
1167,Urban Neighborhood 3,UN3,15,3360.1953125,258.442887498249
1168,Urban Neighborhood 3,UN3,15,3296.29296875,275.278405388444
1169,Urban Neighborhood 3,UN3,15,3280.9140625,333.842951371601
1170,Urban Neighborhood 3,UN3,15,3240.84375,227.738578121074
1171,Urban Neighborhood 3,UN3,15,3209.734375,252.168983364969
1172,Urban Neighborhood 3,UN3,15,3209.25390625,235.491933075651
1173,Urban Neighborhood 3,UN3,15,3198.30859375,427.489466268513
1174,Urban Neighborhood 3,UN3,15,3202.53125,226.146071813321
1175,Urban Neighborhood 3,UN3,15,3091.78125,383.084617281717
1176,Urban Neighborhood 3,UN3,15,3050.8984375,262.090856738665
1177,Urban Neighborhood 3,UN3,15,2934.71875,256.114114534114
1178,Urban Neighborhood 3,UN3,15,2896.671875,215.357557855877
1179,Urban Neighborhood 3,UN3,15,2786.61328125,213.096564740689
1180,Urban Neighborhood 3,UN3,15,2764.46875,228.458457587729
1181,Urban Neighborhood 3,UN3,15,2698.19921875,320.036533414966
1182,Urban Neighborhood 3,UN3,15,2615.67578125,344.393747233805
1183,Urban Neighborhood 3,UN3,15,2612.08984375,207.491792942677
1184,Urban Neighborhood 3,UN3,15,2593.83984375,212.485390516164
1185,Urban Neighborhood 3,UN3,15,2561.32421875,267.35256425366
1186,Urban Neighborhood 3,UN3,15,2558.12109375,211.192360951834
1187,Urban Neighborhood 3,UN3,15,2505.04296875,216.45171715716
1188,Urban Neighborhood 3,UN3,15,2506.75390625,220.718717959875
1189,Urban Neighborhood 3,UN3,15,2462.546875,211.649946821994
1190,Urban Neighborhood 3,UN3,15,2461.15234375,205.603088273076
1191,Urban Neighborhood 3,UN3,15,2454.34765625,349.581925749534
1192,Urban Neighborhood 3,UN3,15,2422.7109375,203.455326728741
1193,Urban Neighborhood 3,UN3,15,2416.34375,228.426292629297
1194,Urban Neighborhood 3,UN3,15,2397.77734375,207.924488682424
1195,Urban Neighborhood 3,UN3,15,2338.45703125,225.804224806867
1196,Urban Neighborhood 3,UN3,15,2325.78515625,205.889353485604
1197,Urban Neighborhood 3,UN3,15,2308.0390625,197.610738829216
1198,Urban Neighborhood 3,UN3,15,2288.59765625,201.006336161536
1199,Urban Neighborhood 3,UN3,15,2237.77734375,206.290708946316
1200,Urban Neighborhood 3,UN3,15,2209.8515625,206.146625493377
1201,Urban Neighborhood 3,UN3,15,2151.90234375,208.131663978904
1202,Urban Neighborhood 3,UN3,15,2147.85546875,208.153934340676
1203,Urban Neighborhood 3,UN3,15,2138.58984375,210.804629445251
1204,Urban Neighborhood 3,UN3,15,2127.65625,251.478745479429
1205,Urban Neighborhood 3,UN3,15,2115.84375,194.472239878405
1206,Urban Neighborhood 3,UN3,15,2087.453125,189.672093316652
1207,Urban Neighborhood 3,UN3,15,2073.015625,227.085444151025
1208,Urban Neighborhood 3,UN3,15,1987.1796875,199.204409208324
1209,Urban Neighborhood 3,UN3,15,1918.62890625,181.533932483749
1210,Urban Neighborhood 3,UN3,15,1884.109375,195.809034439164
1211,Urban Neighborhood 3,UN3,15,1853.72265625,177.132080121393
1212,Urban Neighborhood 3,UN3,15,1838.86328125,187.819365061434
1213,Urban Neighborhood 3,UN3,15,1722.4453125,166.020912143878
1214,Urban Neighborhood 3,UN3,15,1643.5,194.016409763408
1215,Urban Neighborhood 3,UN3,15,1607.9765625,181.910204244525
1216,Urban Neighborhood 3,UN3,15,1594.70703125,160.310779926414
1217,Urban Neighborhood 3,UN3,15,1572.5703125,187.885723705744
1218,Urban Neighborhood 3,UN3,15,1532.4921875,163.504618623521
1219,Urban Neighborhood 3,UN3,15,1497.734375,159.295845225629
1220,Urban Neighborhood 3,UN3,15,1482.4609375,176.536006941277
1221,Urban Neighborhood 3,UN3,15,1370.859375,180.1529221193
1222,Urban Neighborhood 3,UN3,15,1346.83984375,179.918551532139
1223,Urban Neighborhood 3,UN3,15,1324.828125,162.696446970808
1224,Urban Neighborhood 3,UN3,15,1250.03125,178.259954695679
1225,Urban Neighborhood 3,UN3,15,1227.9765625,176.052125816906
1226,Urban Neighborhood 3,UN3,15,1225.046875,157.254643541323
1227,Urban Neighborhood 3,UN3,15,1193.13671875,145.213887876507
1228,Urban Neighborhood 3,UN3,15,1140.44140625,165.148109551242
1229,Urban Neighborhood 3,UN3,15,1117.859375,136.958272931483
1230,Urban Neighborhood 3,UN3,15,1106.58984375,139.014741702818
1231,Urban Neighborhood 3,UN3,15,1098.87890625,143.543390090413
1232,Urban Neighborhood 3,UN3,15,1095.265625,151.951304211823
1233,Urban Neighborhood 3,UN3,15,1056.9765625,189.1024860989
1234,Urban Neighborhood 3,UN3,15,1040.3828125,129.780104528272
1235,Urban Neighborhood 3,UN3,15,946.171875,124.338065954481
1236,Urban Neighborhood 3,UN3,15,910.40234375,130.791562577426
1237,Urban Neighborhood 3,UN3,15,907.765625,122.676233570704
1238,Urban Neighborhood 3,UN3,15,882.37890625,122.878322596767
1239,Urban Neighborhood 3,UN3,15,877.0390625,129.26184129428
1240,Urban Neighborhood 3,UN3,15,814.6640625,121.056174648154
1241,Urban Neighborhood 3,UN3,15,806.87109375,192.319223368122
1242,Urban Neighborhood 3,UN3,15,784.08203125,119.457324933681
1243,Urban Neighborhood 3,UN3,15,771.99609375,114.804753703865
1244,Urban Neighborhood 3,UN3,15,764.9296875,111.766015156903
1245,Urban Neighborhood 3,UN3,15,749.609375,120.850212404509
1246,Urban Neighborhood 3,UN3,15,744.953125,110.333341277559
1247,Urban Neighborhood 3,UN3,15,703.8515625,113.142290586935
1248,Urban Neighborhood 3,UN3,15,701.5078125,108.684626475337
1249,Urban Neighborhood 3,UN3,15,647.8359375,1041.0801701271
1250,Urban Neighborhood 3,UN3,15,610.90625,102.24952878369
1251,Urban Neighborhood 3,UN3,15,589.26953125,99.2880016468056
1252,Urban Neighborhood 3,UN3,15,11.73046875,422.116367940861
1253,Urban Neighborhood 3,UN3,15,6.80078125,83.4275892974343
1254,Urban Neighborhood 3,UN3,15,6.5234375,12.5574679697102
1255,Urban Neighborhood 3,UN3,15,4.06640625,9.79104629132724
1256,Urban Neighborhood 3,UN3,15,1.8984375,252.9924588009
1257,Urban Neighborhood 3,UN3,15,1.71484375,793.892965832361
1258,Urban Neighborhood 3,UN3,15,1.6875,18.9047172592164
1259,Urban Neighborhood 3,UN3,15,0.9296875,26.9712150854305
1260,Urban Neighborhood 3,UN3,15,0.03515625,6.04038684947697
